load_case,out_oopDisp_mm_n2,out_supReac_kN_n3,out_supReac_kN_n4,out_verDisp_mm_n5,out_oopDisp_mm_n5,out_endBend_kNm_n6
26001_sd726_sl13_pd253_pl10_sv5_bp12_ba660_bp51,153.93,13.89,46.43,199.75,144.46,153.74
26002_sd825_sl8_pd236_pl12_sv8_bp13_ba790_bp69,209.18,18.48,61.67,296.2,196.12,263.26
26003_sd759_sl12_pd198_pl13_sv9_bp13_ba750_bp68,187.79,16.56,59.05,274.6,184.43,282.11
26004_sd692_sl9_pd224_pl8_sv10_bp11_ba900_bp68,238.91,18.39,61.95,294.77,225.11,313.24
26005_sd813_sl12_pd226_pl8_sv17_bp14_ba670_bp46,393.28,20.04,61.6,315.9,504.5,558.16
26006_sd747_sl13_pd248_pl12_sv7_bp11_ba650_bp52,173.65,15.38,51.15,214.99,168.56,181.63
26007_sd782_sl10_pd214_pl11_sv9_bp11_ba830_bp60,205.92,18.74,54.26,241.37,214.53,234.66
26008_sd842_sl7_pd226_pl13_sv11_bp13_ba710_bp52,188.39,17.59,57.85,281.67,173.3,325.75
26009_sd797_sl7_pd232_pl11_sv10_bp13_ba670_bp77,186.66,15.86,56.08,232.54,180.39,247.36
26010_sd787_sl7_pd219_pl10_sv5_bp10_ba830_bp55,193.9,15.3,55.66,260.85,179.31,195.98
26011_sd708_sl14_pd153_pl7_sv9_bp10_ba600_bp54,251.18,15.98,54.06,278.54,323.32,273.44
26012_sd760_sl9_pd136_pl11_sv6_bp11_ba690_bp51,203.62,14.36,51.92,232.84,219.43,215.65
26013_sd871_sl11_pd233_pl12_sv9_bp11_ba610_bp69,156.75,17.84,60.6,297.54,164.92,254.2
26014_sd759_sl10_pd222_pl13_sv12_bp12_ba850_bp70,232.3,20.21,69.13,373.79,257.56,390.92
26015_sd634_sl12_pd250_pl14_sv9_bp13_ba710_bp75,169.45,14.88,51.26,216.7,159.22,175.4
26016_sd826_sl6_pd141_pl11_sv6_bp13_ba590_bp51,139.74,12.34,40.68,174.04,134.47,134.36
26017_sd784_sl8_pd175_pl11_sv6_bp13_ba740_bp66,175.3,14.19,50.96,204.6,171.47,155.16
26018_sd613_sl7_pd148_pl9_sv4_bp11_ba610_bp55,168.19,13.16,42.5,193.07,176.51,142.54
26019_sd613_sl8_pd147_pl8_sv9_bp12_ba740_bp59,193.09,14.62,52.52,217.32,178.77,187.88
26020_sd802_sl11_pd229_pl6_sv8_bp12_ba690_bp66,177.67,16.19,51.68,228.3,197.21,207.9
26021_sd623_sl7_pd206_pl7_sv10_bp11_ba640_bp52,195.1,15.41,50.25,226.55,237.19,244.07
26022_sd766_sl9_pd298_pl11_sv7_bp12_ba660_bp61,155.29,14.34,47.28,192.64,147.62,176.1
26023_sd682_sl11_pd168_pl11_sv9_bp12_ba700_bp54,170.42,16.71,56.24,262.35,176.87,241.4
26024_sd850_sl9_pd233_pl13_sv7_bp10_ba640_bp46,169.6,15.24,49.04,210.8,170.82,160.84
26025_sd643_sl8_pd302_pl6_sv10_bp12_ba590_bp50,174.82,13.96,45.91,198.55,186.67,214.99
26026_sd763_sl7_pd155_pl7_sv11_bp12_ba920_bp83,333.73,22.4,65.88,361.6,424.05,351.36
26027_sd691_sl4_pd145_pl10_sv8_bp13_ba820_bp68,213.57,21.75,66.21,394.91,219.68,346.91
26028_sd704_sl10_pd269_pl12_sv7_bp12_ba630_bp70,153.36,14.39,49.19,214.52,143.03,187.81
26029_sd775_sl9_pd181_pl12_sv13_bp11_ba780_bp63,221.07,23.78,64.78,375.52,300.28,381.98
26030_sd945_sl8_pd140_pl8_sv8_bp11_ba800_bp70,202.61,16.37,55.53,214.66,204.19,218.11
26031_sd726_sl13_pd190_pl10_sv10_bp12_ba640_bp75,165.44,15.31,50.01,201.11,182.87,219.31
26032_sd806_sl7_pd167_pl12_sv8_bp11_ba760_bp62,222.36,15.53,53.21,251.45,256.77,251.48
26033_sd747_sl14_pd80_pl12_sv8_bp10_ba650_bp50,168.49,15.31,50.17,212.3,173.42,186.04
26034_sd638_sl8_pd216_pl10_sv6_bp10_ba770_bp46,186.8,14.7,51.7,228.05,169.06,169.26
26035_sd674_sl12_pd282_pl12_sv9_bp14_ba650_bp51,160.24,16.4,59.54,278.67,175.19,237.24
26036_sd787_sl13_pd140_pl12_sv7_bp13_ba730_bp57,204.82,16.73,53.72,254.11,219.57,194.23
26037_sd667_sl10_pd249_pl9_sv9_bp12_ba550_bp60,130.26,13.55,39.01,153.89,140.53,172.27
26038_sd773_sl10_pd200_pl9_sv7_bp13_ba740_bp55,184.81,18.78,60.8,299.97,178.96,277.01
26039_sd851_sl5_pd227_pl8_sv9_bp11_ba700_bp60,182.37,14.46,52.76,249.69,179.5,207.37
26040_sd780_sl14_pd205_pl11_sv6_bp13_ba810_bp61,190.87,14.94,54.3,234.98,188.38,179.83
26041_sd796_sl13_pd189_pl9_sv8_bp11_ba650_bp64,174.02,18.57,63.6,304.81,190.31,265.36
26042_sd736_sl5_pd166_pl6_sv10_bp13_ba640_bp67,267.0,19.53,51.46,237.66,313.37,280.15
26043_sd702_sl9_pd191_pl11_sv7_bp12_ba830_bp57,195.0,15.7,54.8,236.18,175.99,186.11
26044_sd670_sl11_pd110_pl8_sv9_bp11_ba740_bp44,179.8,15.32,55.32,222.26,201.6,246.32
26045_sd799_sl9_pd265_pl8_sv7_bp13_ba690_bp70,173.06,14.94,48.5,203.56,163.89,167.01
26046_sd754_sl11_pd214_pl9_sv1_bp13_ba600_bp48,135.05,13.06,43.75,179.91,119.28,140.88
26047_sd865_sl10_pd123_pl10_sv8_bp11_ba750_bp46,182.98,15.43,54.53,236.3,172.87,228.67
26048_sd742_sl11_pd186_pl9_sv7_bp14_ba610_bp54,155.5,15.29,51.34,234.68,156.45,223.77
26049_sd684_sl11_pd311_pl10_sv5_bp13_ba620_bp67,143.24,13.71,43.57,169.78,134.08,129.38
26050_sd716_sl9_pd227_pl9_sv4_bp10_ba980_bp52,225.78,16.99,59.53,296.9,201.61,204.6
26051_sd725_sl12_pd278_pl8_sv8_bp14_ba610_bp69,166.75,16.29,52.97,251.74,176.38,235.19
26052_sd687_sl6_pd175_pl12_sv6_bp12_ba700_bp61,170.46,13.3,47.96,192.32,157.97,146.47
26053_sd839_sl10_pd179_pl8_sv11_bp13_ba800_bp56,213.51,17.84,64.0,244.95,214.87,278.0
26054_sd678_sl7_pd218_pl10_sv12_bp13_ba500_bp61,212.02,15.68,39.96,222.46,275.03,319.46
26055_sd629_sl12_pd236_pl12_sv7_bp12_ba610_bp53,149.21,13.53,43.75,178.41,146.76,157.36
26056_sd789_sl8_pd168_pl13_sv9_bp12_ba650_bp69,223.16,16.53,54.46,254.5,276.62,208.01
26057_sd820_sl10_pd163_pl11_sv10_bp12_ba720_bp62,176.91,17.82,54.07,221.04,169.58,214.6
26058_sd693_sl7_pd207_pl10_sv10_bp12_ba790_bp36,210.56,17.43,57.68,259.97,208.73,293.22
26059_sd682_sl12_pd214_pl9_sv8_bp12_ba810_bp57,191.79,17.59,60.26,293.16,197.08,249.86
26060_sd730_sl9_pd209_pl10_sv10_bp13_ba640_bp62,157.51,14.43,51.46,199.02,163.06,229.4
26061_sd861_sl12_pd179_pl11_sv8_bp11_ba650_bp62,164.77,16.65,55.51,247.25,167.61,234.81
26062_sd680_sl12_pd217_pl9_sv8_bp12_ba670_bp67,175.99,17.76,59.34,307.91,184.7,276.68
26063_sd867_sl10_pd197_pl9_sv5_bp13_ba640_bp52,155.04,13.73,48.82,200.53,150.04,165.42
26064_sd848_sl11_pd211_pl12_sv10_bp12_ba770_bp64,190.26,17.23,57.85,250.73,187.32,232.69
26065_sd829_sl9_pd111_pl9_sv6_bp12_ba680_bp65,163.4,13.84,50.41,201.15,153.96,174.41
26066_sd645_sl8_pd220_pl15_sv9_bp12_ba600_bp81,160.56,14.13,46.64,195.65,168.12,169.95
26067_sd771_sl10_pd277_pl10_sv7_bp11_ba700_bp45,182.77,16.77,59.45,279.28,165.67,256.12
26068_sd728_sl10_pd207_pl10_sv5_bp12_ba820_bp30,213.65,15.32,54.34,251.11,210.57,180.42
26069_sd779_sl8_pd209_pl9_sv11_bp12_ba630_bp67,182.6,14.65,50.44,210.3,199.02,223.79
26070_sd784_sl12_pd144_pl9_sv8_bp10_ba890_bp74,234.61,20.64,65.21,349.57,232.29,288.05
26071_sd777_sl9_pd184_pl7_sv8_bp13_ba750_bp59,190.33,15.63,53.58,223.28,185.43,227.13
26072_sd863_sl10_pd136_pl10_sv8_bp11_ba720_bp80,181.83,18.32,63.92,318.0,167.73,303.37
26073_sd858_sl11_pd196_pl6_sv5_bp11_ba730_bp48,177.27,15.64,52.24,225.05,158.9,196.94
26074_sd668_sl11_pd228_pl11_sv10_bp12_ba710_bp74,167.19,15.69,49.64,212.47,179.17,186.22
26075_sd657_sl8_pd205_pl10_sv10_bp12_ba720_bp64,184.25,15.63,53.74,228.02,182.71,256.93
26076_sd865_sl12_pd179_pl10_sv5_bp13_ba800_bp65,188.98,15.98,55.87,223.48,165.4,171.34
26077_sd712_sl10_pd189_pl13_sv8_bp12_ba740_bp72,172.32,15.88,55.82,245.98,163.63,212.31
26078_sd810_sl9_pd117_pl11_sv8_bp11_ba750_bp63,204.08,15.93,55.36,247.72,208.73,213.62
26079_sd745_sl8_pd214_pl11_sv9_bp13_ba630_bp72,180.75,14.56,46.91,198.37,180.89,210.74
26080_sd836_sl9_pd168_pl11_sv9_bp12_ba720_bp66,211.5,15.81,53.99,250.8,249.31,251.55
26081_sd754_sl7_pd218_pl7_sv12_bp12_ba740_bp46,386.72,25.61,67.3,461.71,559.72,446.13
26082_sd768_sl9_pd260_pl9_sv5_bp11_ba850_bp60,212.75,16.11,56.99,261.18,198.92,216.19
26083_sd648_sl9_pd186_pl12_sv8_bp11_ba870_bp49,214.67,17.15,57.39,283.53,207.11,229.23
26084_sd680_sl9_pd140_pl10_sv8_bp13_ba820_bp57,199.61,16.3,55.04,247.3,220.04,219.89
26085_sd691_sl11_pd166_pl10_sv9_bp13_ba710_bp46,205.99,16.25,55.39,256.06,229.26,246.61
26086_sd720_sl11_pd131_pl10_sv11_bp11_ba650_bp59,158.0,16.71,53.39,226.11,169.65,236.26
26087_sd730_sl10_pd129_pl10_sv10_bp11_ba650_bp75,157.0,15.82,49.2,194.42,157.77,188.33
26088_sd810_sl8_pd251_pl13_sv6_bp12_ba680_bp57,175.69,15.34,52.84,240.8,173.64,185.77
26089_sd834_sl15_pd166_pl10_sv11_bp12_ba620_bp50,202.71,16.7,56.09,261.55,259.13,272.12
26090_sd881_sl11_pd205_pl11_sv8_bp11_ba610_bp50,160.91,19.86,62.41,326.58,161.94,292.4
26091_sd728_sl9_pd218_pl11_sv9_bp12_ba580_bp64,165.02,13.9,43.11,180.28,171.74,176.45
26092_sd634_sl10_pd221_pl10_sv5_bp11_ba770_bp53,214.83,15.57,54.03,242.54,223.66,189.6
26093_sd696_sl5_pd247_pl10_sv9_bp12_ba810_bp46,223.75,19.53,61.16,296.96,206.66,267.88
26094_sd900_sl7_pd173_pl7_sv9_bp11_ba780_bp48,214.54,15.58,55.12,252.09,227.96,251.93
26095_sd630_sl9_pd150_pl9_sv7_bp12_ba680_bp49,165.01,14.59,49.71,210.38,169.95,160.44
26096_sd678_sl10_pd171_pl7_sv11_bp12_ba810_bp57,236.65,19.27,57.48,250.76,259.68,292.78
26097_sd824_sl8_pd189_pl13_sv9_bp12_ba820_bp61,285.27,19.95,58.43,331.71,357.02,307.07
26098_sd710_sl10_pd184_pl10_sv9_bp11_ba740_bp63,174.0,16.19,53.62,211.34,182.57,206.57
26099_sd737_sl8_pd183_pl12_sv7_bp11_ba660_bp73,162.92,13.71,47.35,196.91,149.21,148.74
26100_sd642_sl11_pd244_pl13_sv8_bp11_ba550_bp69,133.92,12.72,39.54,172.62,126.22,174.75
26101_sd842_sl14_pd235_pl11_sv7_bp12_ba680_bp71,201.92,17.57,56.59,266.25,224.79,225.6
26102_sd811_sl13_pd298_pl7_sv7_bp12_ba490_bp65,128.62,12.84,39.23,164.72,135.42,138.77
26103_sd697_sl8_pd179_pl5_sv10_bp13_ba510_bp50,169.21,14.52,43.32,203.35,198.32,193.79
26104_sd638_sl8_pd180_pl15_sv3_bp13_ba670_bp80,155.44,13.22,44.79,186.68,141.81,133.4
26105_sd728_sl10_pd238_pl10_sv7_bp13_ba720_bp62,170.83,15.95,57.53,269.91,168.45,246.89
26106_sd794_sl7_pd288_pl12_sv7_bp14_ba690_bp69,179.6,14.67,50.83,209.09,180.92,170.85
26107_sd740_sl11_pd146_pl11_sv8_bp11_ba670_bp58,164.29,15.84,57.6,273.99,162.68,255.76
26108_sd689_sl8_pd189_pl8_sv10_bp13_ba930_bp49,275.89,21.28,60.43,291.24,294.22,343.73
26109_sd746_sl10_pd132_pl9_sv10_bp13_ba920_bp58,233.12,17.62,58.62,298.8,225.26,323.79
26110_sd665_sl11_pd179_pl13_sv8_bp14_ba700_bp60,164.72,16.11,57.73,253.02,163.6,216.51
26111_sd662_sl11_pd198_pl12_sv3_bp11_ba710_bp72,160.82,14.28,49.14,200.99,139.8,149.57
26112_sd795_sl9_pd203_pl13_sv12_bp13_ba790_bp44,215.4,19.54,65.98,367.52,246.44,361.55
26113_sd923_sl9_pd244_pl9_sv8_bp11_ba700_bp51,175.65,16.31,51.12,195.75,172.99,198.31
26114_sd772_sl12_pd204_pl5_sv5_bp12_ba670_bp53,160.53,14.41,51.85,210.27,153.67,180.89
26115_sd829_sl12_pd225_pl12_sv10_bp11_ba470_bp64,125.82,14.45,40.49,175.36,138.49,213.7
26116_sd578_sl10_pd234_pl11_sv6_bp13_ba660_bp60,175.44,13.96,47.9,209.63,188.64,168.71
26117_sd783_sl11_pd182_pl8_sv9_bp10_ba720_bp57,188.44,14.99,52.92,231.74,183.86,219.56
26118_sd836_sl13_pd276_pl12_sv9_bp11_ba680_bp52,168.91,16.34,56.36,256.32,180.06,223.99
26119_sd713_sl10_pd219_pl13_sv7_bp11_ba720_bp68,175.67,14.68,52.87,233.13,173.59,189.66
26120_sd746_sl12_pd216_pl11_sv8_bp13_ba630_bp81,165.84,15.93,57.56,253.79,158.4,238.81
26121_sd784_sl8_pd134_pl8_sv8_bp12_ba660_bp62,178.49,14.95,48.07,193.39,162.85,193.05
26122_sd832_sl14_pd273_pl10_sv9_bp13_ba690_bp60,184.56,17.67,62.15,292.55,187.15,279.33
26123_sd662_sl7_pd112_pl10_sv9_bp12_ba670_bp77,180.37,14.22,49.68,215.37,174.28,184.0
26124_sd824_sl12_pd246_pl8_sv10_bp12_ba780_bp86,186.64,15.74,56.85,213.9,190.14,258.89
26125_sd839_sl11_pd183_pl12_sv6_bp11_ba670_bp55,174.6,14.36,52.13,209.54,172.08,201.07
26126_sd764_sl6_pd193_pl12_sv9_bp10_ba740_bp51,192.11,15.33,51.18,209.24,212.57,199.08
26127_sd711_sl13_pd182_pl11_sv8_bp12_ba810_bp59,195.56,16.81,56.9,239.98,200.39,212.55
26128_sd552_sl8_pd180_pl13_sv7_bp13_ba620_bp65,142.98,12.8,43.09,182.16,130.54,129.26
26129_sd795_sl9_pd133_pl12_sv8_bp13_ba900_bp50,250.86,20.3,64.01,330.58,273.23,273.61
26130_sd680_sl8_pd196_pl9_sv9_bp13_ba660_bp69,176.76,14.91,49.49,200.35,174.65,209.71
26131_sd675_sl9_pd216_pl10_sv8_bp11_ba590_bp73,152.21,13.35,46.57,207.44,160.19,165.22
26132_sd768_sl13_pd240_pl11_sv8_bp12_ba600_bp49,150.54,14.39,43.17,189.1,161.22,185.4
26133_sd673_sl12_pd210_pl13_sv6_bp12_ba620_bp72,146.09,13.59,41.12,180.59,135.24,131.94
26134_sd878_sl10_pd202_pl9_sv6_bp12_ba760_bp66,179.21,14.89,53.52,210.39,167.71,176.65
26135_sd775_sl10_pd204_pl10_sv7_bp13_ba630_bp70,155.76,15.69,54.94,247.96,153.03,237.4
26136_sd659_sl8_pd273_pl9_sv11_bp13_ba710_bp76,194.09,15.92,52.33,212.56,219.06,196.98
26137_sd627_sl10_pd228_pl6_sv8_bp13_ba820_bp69,198.97,15.82,55.12,235.44,187.66,212.04
26138_sd679_sl13_pd172_pl9_sv7_bp12_ba700_bp54,177.08,14.26,50.9,218.0,176.14,186.34
26139_sd906_sl13_pd168_pl12_sv8_bp12_ba720_bp59,179.18,16.39,53.05,218.38,185.44,195.74
26140_sd748_sl8_pd239_pl9_sv7_bp13_ba830_bp67,204.72,15.89,55.64,241.77,205.7,202.03
26141_sd779_sl13_pd244_pl10_sv14_bp12_ba650_bp68,176.87,20.18,58.47,267.23,245.12,310.95
26142_sd866_sl7_pd188_pl10_sv7_bp10_ba660_bp81,162.1,13.98,47.48,194.11,156.32,162.49
26143_sd773_sl14_pd192_pl11_sv7_bp11_ba810_bp63,193.91,15.47,54.94,240.82,188.52,183.79
26144_sd737_sl10_pd173_pl12_sv8_bp14_ba620_bp55,161.77,17.98,60.58,315.92,169.23,282.48
26145_sd865_sl10_pd242_pl10_sv8_bp11_ba670_bp64,158.94,15.35,53.09,234.34,152.72,202.83
26146_sd768_sl9_pd91_pl11_sv11_bp14_ba610_bp62,155.65,14.95,52.08,201.66,180.34,258.37
26147_sd701_sl11_pd227_pl10_sv9_bp11_ba940_bp67,232.19,17.63,61.44,302.52,216.32,260.57
26148_sd598_sl12_pd192_pl12_sv5_bp12_ba780_bp61,179.2,14.51,51.23,232.67,158.33,163.42
26149_sd702_sl13_pd218_pl10_sv7_bp11_ba430_bp60,114.77,12.79,35.38,154.66,119.2,130.35
26150_sd805_sl9_pd172_pl10_sv8_bp12_ba730_bp60,199.45,15.98,54.0,233.97,223.84,207.38
26151_sd627_sl11_pd212_pl10_sv7_bp11_ba700_bp77,166.04,14.68,51.61,223.78,164.29,181.56
26152_sd710_sl4_pd226_pl12_sv8_bp12_ba650_bp68,173.45,14.32,46.73,214.14,183.97,191.02
26153_sd754_sl10_pd286_pl12_sv7_bp11_ba590_bp61,148.09,13.75,47.21,197.33,147.71,154.75
26154_sd772_sl13_pd140_pl11_sv11_bp12_ba710_bp53,181.84,17.9,60.07,248.25,208.86,238.37
26155_sd801_sl8_pd95_pl11_sv8_bp13_ba800_bp70,202.12,16.7,53.41,247.12,232.91,228.87
26156_sd775_sl4_pd169_pl11_sv9_bp13_ba690_bp76,190.56,19.08,57.39,290.18,207.72,226.21
26157_sd702_sl12_pd226_pl8_sv6_bp12_ba720_bp63,167.77,14.43,48.27,206.37,160.53,171.53
26158_sd794_sl11_pd254_pl9_sv8_bp11_ba670_bp58,214.2,16.78,54.26,277.37,257.6,212.68
26159_sd658_sl8_pd225_pl10_sv8_bp12_ba670_bp60,165.65,13.91,46.6,187.15,168.41,174.29
26160_sd661_sl12_pd275_pl11_sv9_bp13_ba680_bp73,172.41,17.32,57.75,272.12,162.22,218.7
26161_sd828_sl11_pd191_pl10_sv10_bp12_ba620_bp66,163.56,16.71,49.54,190.54,167.87,191.65
26162_sd684_sl12_pd196_pl13_sv11_bp12_ba800_bp45,202.62,16.93,58.01,255.43,212.66,275.85
26163_sd737_sl11_pd232_pl9_sv8_bp12_ba560_bp51,179.58,14.35,40.88,207.36,218.07,195.37
26164_sd701_sl9_pd193_pl9_sv8_bp11_ba610_bp66,148.07,13.7,48.5,211.01,145.72,167.65
26165_sd834_sl13_pd145_pl10_sv6_bp13_ba770_bp60,213.86,16.8,58.79,273.05,231.59,231.81
26166_sd626_sl7_pd260_pl11_sv8_bp11_ba980_bp68,239.82,17.94,60.88,313.21,248.29,258.3
26167_sd658_sl11_pd204_pl9_sv9_bp12_ba750_bp59,178.44,15.93,55.71,229.46,187.38,228.14
26168_sd769_sl10_pd249_pl12_sv8_bp13_ba650_bp74,159.9,16.4,57.81,265.87,156.43,246.35
26169_sd737_sl11_pd172_pl11_sv8_bp14_ba770_bp65,190.36,16.99,61.94,282.9,192.18,264.16
26170_sd784_sl9_pd259_pl8_sv11_bp13_ba760_bp68,213.15,17.2,57.03,222.31,227.8,249.83
26171_sd728_sl8_pd144_pl9_sv8_bp13_ba800_bp70,200.6,15.64,51.99,227.39,208.52,199.25
26172_sd684_sl10_pd164_pl11_sv8_bp12_ba850_bp43,209.42,19.33,63.96,339.88,203.32,298.58
26173_sd707_sl9_pd210_pl10_sv11_bp11_ba890_bp72,215.34,17.53,59.79,272.26,207.99,253.24
26174_sd695_sl10_pd165_pl10_sv10_bp13_ba700_bp66,186.79,15.57,53.41,201.67,174.3,227.65
26175_sd709_sl7_pd161_pl6_sv10_bp12_ba710_bp66,203.34,17.6,55.08,219.78,203.53,243.33
26176_sd806_sl9_pd189_pl8_sv8_bp12_ba750_bp66,195.56,16.34,55.4,227.33,171.47,234.27
26177_sd725_sl10_pd210_pl11_sv9_bp13_ba690_bp67,174.41,16.01,50.27,213.06,187.67,209.02
26178_sd873_sl9_pd235_pl8_sv8_bp11_ba560_bp76,158.86,14.59,46.49,213.99,144.48,184.43
26179_sd795_sl8_pd191_pl9_sv9_bp12_ba570_bp51,149.84,13.85,39.84,159.7,159.91,208.02
26180_sd705_sl10_pd145_pl10_sv5_bp11_ba600_bp64,145.71,13.15,44.47,183.5,142.22,146.34
26181_sd695_sl9_pd228_pl10_sv10_bp11_ba720_bp71,178.02,14.93,52.48,199.05,164.35,219.89
26182_sd782_sl11_pd197_pl8_sv9_bp12_ba590_bp46,149.02,14.79,46.02,179.16,177.11,229.1
26183_sd701_sl8_pd227_pl11_sv7_bp11_ba700_bp71,164.91,13.97,48.9,206.32,152.21,164.98
26184_sd749_sl7_pd261_pl7_sv9_bp13_ba710_bp78,192.91,15.24,49.33,221.46,212.96,222.51
26185_sd840_sl8_pd174_pl9_sv7_bp14_ba880_bp54,207.55,17.02,58.26,262.71,191.39,228.47
26186_sd690_sl11_pd93_pl11_sv12_bp12_ba820_bp63,218.57,17.07,62.85,304.38,278.91,415.22
26187_sd732_sl12_pd246_pl11_sv10_bp11_ba710_bp63,175.77,15.88,52.52,221.23,180.6,227.79
26188_sd694_sl10_pd221_pl10_sv9_bp12_ba660_bp74,171.46,14.8,48.92,209.18,179.82,176.32
26189_sd738_sl10_pd229_pl10_sv7_bp14_ba770_bp58,186.78,16.24,55.9,249.42,171.02,215.96
26190_sd728_sl12_pd166_pl6_sv9_bp11_ba760_bp49,183.8,16.35,54.75,241.62,212.33,249.46
26191_sd719_sl13_pd170_pl11_sv10_bp12_ba630_bp62,170.76,15.74,50.72,208.23,173.69,226.31
26192_sd920_sl11_pd203_pl7_sv7_bp14_ba590_bp48,162.67,13.94,43.64,186.35,174.24,187.47
26193_sd559_sl12_pd170_pl11_sv8_bp13_ba710_bp62,171.57,14.75,53.12,227.59,175.68,183.59
26194_sd736_sl8_pd333_pl11_sv4_bp11_ba760_bp62,174.93,14.63,53.12,210.41,160.34,142.96
26195_sd755_sl9_pd178_pl11_sv7_bp12_ba590_bp53,145.2,15.19,52.77,244.58,147.2,222.38
26196_sd798_sl11_pd94_pl11_sv6_bp12_ba580_bp62,155.83,14.0,42.16,178.55,166.25,146.75
26197_sd767_sl13_pd167_pl9_sv7_bp12_ba730_bp59,185.84,15.49,53.96,247.79,185.95,180.97
26198_sd834_sl12_pd107_pl9_sv10_bp12_ba780_bp70,198.05,18.37,58.1,240.85,216.0,249.57
26199_sd791_sl10_pd183_pl9_sv8_bp12_ba740_bp58,183.53,15.65,51.77,206.42,181.92,206.09
26200_sd636_sl10_pd201_pl12_sv10_bp11_ba600_bp42,178.79,14.23,43.63,207.82,188.77,178.61
26201_sd636_sl11_pd282_pl12_sv10_bp11_ba750_bp59,182.05,16.61,55.35,236.92,184.99,215.27
26202_sd616_sl11_pd141_pl11_sv8_bp12_ba860_bp50,206.83,20.0,66.66,357.95,200.92,308.29
26203_sd730_sl11_pd227_pl11_sv10_bp13_ba580_bp73,155.19,16.04,48.29,183.54,156.48,177.16
26204_sd916_sl12_pd219_pl12_sv6_bp10_ba500_bp68,128.36,13.31,40.45,172.03,119.61,150.95
26205_sd834_sl10_pd171_pl11_sv8_bp12_ba650_bp70,166.56,17.27,57.89,276.92,161.88,237.88
26206_sd824_sl13_pd139_pl10_sv10_bp13_ba650_bp38,213.59,17.17,52.88,246.89,250.28,287.74
26207_sd844_sl12_pd210_pl8_sv8_bp12_ba710_bp80,238.68,17.53,53.49,266.58,292.12,267.26
26208_sd866_sl7_pd183_pl11_sv9_bp11_ba780_bp69,198.62,15.55,55.38,238.99,211.92,235.03
26209_sd904_sl6_pd151_pl8_sv4_bp11_ba730_bp60,168.85,14.31,53.87,227.52,165.36,186.5
26210_sd810_sl10_pd211_pl8_sv6_bp14_ba830_bp67,194.4,15.39,55.73,235.28,186.42,172.74
26211_sd827_sl8_pd213_pl11_sv11_bp11_ba810_bp68,226.84,17.59,59.95,268.41,212.54,311.2
26212_sd655_sl10_pd160_pl9_sv10_bp10_ba510_bp62,139.6,12.42,39.85,154.07,140.54,180.51
26213_sd752_sl9_pd148_pl6_sv8_bp9_ba730_bp56,173.09,16.45,59.87,276.38,192.91,248.2
26214_sd726_sl10_pd155_pl12_sv9_bp13_ba550_bp45,189.26,14.94,43.37,205.74,234.22,194.61
26215_sd666_sl9_pd189_pl6_sv10_bp11_ba690_bp70,200.07,15.64,52.19,232.38,223.1,264.74
26216_sd704_sl8_pd197_pl10_sv11_bp11_ba650_bp74,182.54,15.33,51.55,226.65,204.27,238.47
26217_sd658_sl11_pd226_pl11_sv4_bp13_ba680_bp60,156.21,13.57,48.31,199.07,137.78,144.35
26218_sd770_sl8_pd240_pl13_sv7_bp13_ba680_bp60,154.82,14.15,47.23,197.28,153.79,154.21
26219_sd903_sl9_pd183_pl13_sv8_bp11_ba730_bp74,194.2,19.72,66.62,356.91,191.67,319.1
26220_sd846_sl5_pd80_pl11_sv8_bp10_ba620_bp60,160.43,14.16,53.12,276.28,189.54,231.96
26221_sd875_sl10_pd337_pl12_sv8_bp12_ba660_bp73,167.22,18.75,64.56,326.46,166.44,299.27
26222_sd804_sl10_pd179_pl12_sv8_bp12_ba790_bp56,198.9,19.47,66.22,366.52,200.19,333.6
26223_sd784_sl7_pd178_pl12_sv6_bp13_ba750_bp72,179.66,14.4,50.27,206.53,166.95,177.09
26224_sd751_sl14_pd110_pl7_sv12_bp12_ba930_bp51,247.72,24.13,80.17,489.45,255.99,455.25
26225_sd737_sl10_pd165_pl9_sv7_bp9_ba750_bp56,178.79,14.95,50.03,206.4,166.39,173.36
26226_sd871_sl5_pd297_pl6_sv7_bp12_ba560_bp71,156.45,13.82,47.59,205.51,173.31,181.79
26227_sd897_sl12_pd285_pl10_sv8_bp13_ba760_bp70,193.84,17.89,62.04,286.54,207.11,286.61
26228_sd671_sl14_pd223_pl10_sv10_bp12_ba630_bp47,161.44,16.34,45.62,204.74,184.84,201.66
26229_sd827_sl11_pd208_pl6_sv6_bp12_ba640_bp55,161.06,14.29,49.53,191.61,170.3,163.82
26230_sd728_sl7_pd160_pl9_sv10_bp12_ba520_bp70,162.1,14.15,40.96,158.95,184.49,212.16
26231_sd599_sl11_pd326_pl10_sv7_bp13_ba390_bp72,96.21,10.85,26.62,122.23,92.9,89.47
26232_sd624_sl11_pd296_pl11_sv3_bp12_ba620_bp57,144.01,13.16,45.28,187.24,127.85,137.76
26233_sd793_sl9_pd195_pl10_sv6_bp10_ba580_bp51,141.7,13.13,43.41,167.06,137.18,145.04
26234_sd847_sl12_pd168_pl8_sv11_bp12_ba870_bp66,221.32,19.58,69.95,320.32,219.03,354.83
26235_sd735_sl10_pd182_pl10_sv6_bp11_ba590_bp66,145.2,13.47,45.97,191.03,139.08,148.67
26236_sd751_sl8_pd214_pl11_sv8_bp13_ba570_bp58,167.34,13.62,40.97,181.78,182.24,188.32
26237_sd770_sl11_pd194_pl12_sv10_bp11_ba650_bp62,162.82,15.06,50.78,220.72,164.52,233.77
26238_sd740_sl9_pd193_pl10_sv5_bp11_ba610_bp77,143.68,12.98,44.0,179.53,132.28,134.01
26239_sd846_sl10_pd105_pl11_sv6_bp12_ba630_bp45,165.66,14.22,46.23,193.83,178.88,154.47
26240_sd756_sl7_pd132_pl8_sv7_bp12_ba960_bp76,222.11,16.98,57.9,268.73,217.67,215.09
26241_sd715_sl11_pd141_pl10_sv8_bp13_ba750_bp61,192.81,16.53,55.69,256.2,197.62,227.05
26242_sd799_sl14_pd223_pl5_sv8_bp11_ba830_bp68,255.31,20.07,60.46,323.72,288.83,311.53
26243_sd713_sl11_pd237_pl11_sv6_bp13_ba710_bp62,180.35,14.25,51.01,221.29,173.76,184.36
26244_sd669_sl11_pd199_pl9_sv6_bp13_ba810_bp50,202.63,15.32,54.6,249.27,198.44,216.35
26245_sd714_sl9_pd134_pl11_sv4_bp14_ba850_bp55,197.1,15.0,53.43,254.64,180.59,184.23
26246_sd812_sl12_pd273_pl11_sv8_bp10_ba930_bp66,225.38,19.04,65.23,321.01,218.26,290.56
26247_sd811_sl7_pd152_pl9_sv7_bp10_ba810_bp57,192.46,16.62,53.82,256.41,189.2,205.76
26248_sd700_sl9_pd194_pl12_sv10_bp12_ba710_bp77,188.66,14.36,51.7,209.67,190.83,254.92
26249_sd801_sl12_pd168_pl10_sv7_bp12_ba580_bp68,145.12,13.9,42.63,188.59,149.26,145.19
26250_sd838_sl12_pd167_pl12_sv8_bp13_ba660_bp57,162.85,14.45,53.58,234.85,168.9,229.2
26251_sd815_sl9_pd180_pl13_sv12_bp10_ba800_bp58,251.17,26.67,66.81,375.56,271.23,475.53
26252_sd841_sl11_pd196_pl14_sv9_bp12_ba560_bp57,146.76,16.97,57.83,280.8,171.55,252.75
26253_sd748_sl11_pd183_pl11_sv11_bp12_ba460_bp66,110.94,14.9,40.45,168.94,133.54,188.97
26254_sd714_sl9_pd192_pl12_sv11_bp12_ba750_bp54,186.84,17.64,60.78,251.88,192.78,285.37
26255_sd774_sl11_pd183_pl8_sv7_bp12_ba940_bp59,240.6,17.87,60.47,304.12,272.2,280.58
26256_sd712_sl7_pd97_pl9_sv9_bp12_ba610_bp42,167.06,14.17,44.06,180.54,160.26,183.59
26257_sd753_sl9_pd167_pl7_sv9_bp10_ba610_bp83,179.28,15.15,51.22,235.36,180.7,230.35
26258_sd789_sl9_pd175_pl11_sv9_bp12_ba670_bp50,206.31,16.11,51.1,243.32,240.0,188.0
26259_sd855_sl9_pd165_pl8_sv7_bp11_ba630_bp56,165.18,14.52,48.16,201.19,160.4,168.21
26260_sd771_sl10_pd117_pl11_sv8_bp13_ba720_bp65,185.72,17.67,61.18,299.77,172.69,278.34
26261_sd742_sl8_pd260_pl11_sv11_bp13_ba710_bp60,182.22,17.39,55.21,230.96,197.84,269.96
26262_sd726_sl10_pd218_pl11_sv6_bp13_ba860_bp68,202.34,15.56,55.65,261.16,189.02,208.36
26263_sd837_sl10_pd130_pl9_sv7_bp12_ba660_bp71,165.18,17.25,58.85,297.48,158.56,276.27
26264_sd653_sl13_pd255_pl11_sv10_bp11_ba620_bp57,166.93,15.47,48.35,204.62,168.6,223.99
26265_sd720_sl11_pd235_pl11_sv8_bp13_ba750_bp54,173.76,16.97,58.71,286.65,188.04,246.02
26266_sd876_sl7_pd165_pl8_sv7_bp11_ba740_bp66,184.92,15.01,53.43,232.12,176.63,209.28
26267_sd814_sl10_pd185_pl10_sv5_bp11_ba790_bp69,212.45,15.96,54.56,245.04,220.73,185.1
26268_sd788_sl7_pd238_pl9_sv12_bp13_ba620_bp58,322.67,23.15,55.04,299.32,439.95,459.57
26269_sd758_sl13_pd217_pl12_sv8_bp12_ba720_bp57,171.04,15.47,53.48,219.6,181.39,210.14
26270_sd672_sl8_pd264_pl7_sv6_bp11_ba670_bp60,164.04,14.2,48.4,201.93,149.33,158.46
26271_sd835_sl11_pd221_pl8_sv8_bp13_ba870_bp60,254.49,18.27,61.32,287.48,296.35,236.14
26272_sd682_sl10_pd142_pl14_sv10_bp12_ba590_bp57,164.48,14.5,47.6,192.35,184.39,215.17
26273_sd676_sl8_pd333_pl11_sv9_bp13_ba590_bp54,155.71,13.26,39.64,168.04,167.07,180.43
26274_sd772_sl14_pd133_pl7_sv8_bp12_ba700_bp73,224.93,16.1,55.41,270.28,255.03,255.0
26275_sd777_sl9_pd215_pl8_sv7_bp13_ba860_bp75,209.85,16.83,57.64,265.33,186.68,202.62
26276_sd692_sl11_pd192_pl14_sv9_bp12_ba620_bp63,152.28,15.83,57.34,275.58,169.5,241.72
26277_sd717_sl12_pd160_pl9_sv7_bp12_ba610_bp61,153.66,13.84,49.6,211.23,154.85,195.79
26278_sd679_sl13_pd176_pl10_sv7_bp13_ba490_bp56,140.59,12.97,36.73,175.31,143.66,141.08
26279_sd820_sl7_pd296_pl8_sv9_bp11_ba780_bp54,205.36,17.69,59.85,259.25,212.27,231.67
26280_sd773_sl13_pd133_pl13_sv9_bp12_ba840_bp46,211.11,18.0,59.83,306.59,224.16,274.99
26281_sd678_sl8_pd120_pl11_sv8_bp12_ba690_bp66,216.72,15.12,50.15,231.7,244.69,223.61
26282_sd647_sl9_pd166_pl9_sv6_bp13_ba580_bp46,141.67,12.68,40.56,174.61,135.4,135.31
26283_sd847_sl7_pd160_pl10_sv6_bp11_ba520_bp52,133.04,12.44,40.89,173.2,132.67,147.85
26284_sd669_sl9_pd210_pl6_sv5_bp14_ba520_bp62,120.75,11.77,38.82,161.16,111.84,133.16
26285_sd760_sl12_pd296_pl11_sv7_bp12_ba620_bp57,148.46,14.15,44.91,182.76,147.26,169.33
26286_sd759_sl8_pd246_pl8_sv5_bp12_ba730_bp68,172.22,14.19,48.17,199.86,160.0,168.52
26287_sd609_sl5_pd245_pl8_sv7_bp13_ba680_bp57,161.31,13.32,47.15,201.31,163.87,141.94
26288_sd730_sl9_pd145_pl14_sv8_bp11_ba700_bp71,164.1,14.6,52.33,213.72,164.09,200.56
26289_sd730_sl9_pd245_pl9_sv10_bp14_ba530_bp57,148.07,13.92,42.71,174.41,161.58,193.09
26290_sd604_sl9_pd182_pl11_sv7_bp13_ba680_bp47,162.52,14.78,52.67,249.19,163.95,220.25
26291_sd697_sl7_pd173_pl12_sv6_bp13_ba590_bp65,139.52,12.42,39.92,171.05,134.02,125.63
26292_sd692_sl10_pd161_pl3_sv8_bp11_ba800_bp64,196.64,16.24,58.68,247.69,170.92,209.88
26293_sd699_sl10_pd184_pl11_sv10_bp13_ba520_bp77,134.38,13.67,41.49,167.73,135.93,176.73
26294_sd783_sl13_pd205_pl10_sv12_bp12_ba620_bp50,173.43,18.77,58.06,233.37,193.05,278.93
26295_sd661_sl9_pd295_pl11_sv8_bp13_ba410_bp72,130.45,12.02,30.94,150.53,159.8,139.08
26296_sd608_sl11_pd194_pl6_sv4_bp12_ba840_bp60,192.75,15.77,55.11,250.02,167.92,187.08
26297_sd872_sl13_pd166_pl11_sv7_bp12_ba840_bp68,226.64,17.97,60.79,285.75,229.9,256.41
26298_sd847_sl9_pd286_pl7_sv9_bp11_ba720_bp65,193.68,16.36,55.62,240.68,199.64,219.44
26299_sd658_sl11_pd180_pl9_sv8_bp12_ba780_bp65,196.17,18.51,62.04,308.64,192.89,285.02
26300_sd956_sl9_pd172_pl10_sv9_bp12_ba710_bp51,192.22,15.47,54.96,218.26,204.42,211.68
26301_sd888_sl12_pd186_pl8_sv6_bp12_ba610_bp75,145.32,13.76,41.42,180.05,135.72,148.4
26302_sd637_sl11_pd187_pl8_sv10_bp14_ba740_bp69,187.33,15.42,53.37,208.6,192.09,237.77
26303_sd793_sl10_pd204_pl9_sv6_bp11_ba450_bp54,138.08,12.21,34.16,154.84,152.74,133.07
26304_sd688_sl11_pd168_pl11_sv5_bp10_ba800_bp80,182.18,15.1,53.22,238.69,157.26,183.52
26305_sd759_sl11_pd209_pl14_sv9_bp13_ba640_bp58,158.92,14.45,51.75,233.62,167.8,229.97
26306_sd834_sl11_pd269_pl11_sv10_bp13_ba630_bp58,157.04,15.66,48.41,202.5,159.83,208.08
26307_sd720_sl7_pd210_pl8_sv11_bp11_ba720_bp64,258.35,19.55,53.34,273.52,310.14,356.7
26308_sd742_sl12_pd167_pl10_sv11_bp11_ba870_bp58,213.14,19.28,61.89,296.11,227.4,273.02
26309_sd806_sl12_pd132_pl13_sv7_bp13_ba800_bp73,202.46,17.43,56.4,254.5,214.27,200.87
26310_sd717_sl7_pd112_pl13_sv7_bp13_ba820_bp67,199.96,15.59,54.71,252.48,208.34,203.79
26311_sd770_sl8_pd148_pl9_sv11_bp12_ba640_bp31,239.75,19.64,53.67,231.56,286.36,297.14
26312_sd774_sl9_pd237_pl12_sv10_bp14_ba860_bp56,214.38,17.14,61.19,285.84,227.69,304.78
26313_sd752_sl9_pd259_pl10_sv8_bp12_ba770_bp71,192.2,15.46,54.51,245.7,196.6,203.23
26314_sd714_sl8_pd222_pl9_sv7_bp14_ba710_bp54,173.29,15.95,51.7,236.27,152.91,193.04
26315_sd792_sl12_pd212_pl9_sv12_bp11_ba620_bp63,188.01,17.71,58.32,256.22,241.14,359.8
26316_sd813_sl7_pd185_pl10_sv10_bp10_ba660_bp58,187.29,18.57,54.09,221.08,222.89,235.37
26317_sd751_sl5_pd276_pl10_sv5_bp13_ba760_bp53,178.07,14.15,52.7,220.01,167.36,167.64
26318_sd724_sl10_pd186_pl9_sv6_bp13_ba850_bp47,198.14,15.62,55.16,236.78,182.6,182.39
26319_sd833_sl10_pd157_pl7_sv7_bp13_ba820_bp57,226.58,16.39,59.08,258.83,242.36,215.47
26320_sd736_sl11_pd236_pl10_sv9_bp13_ba760_bp56,201.8,16.92,59.28,264.24,214.47,253.26
26321_sd706_sl12_pd212_pl12_sv10_bp13_ba700_bp60,173.33,14.97,53.03,225.0,177.63,196.41
26322_sd948_sl10_pd224_pl11_sv8_bp12_ba510_bp59,135.36,14.96,49.13,215.99,132.8,205.17
26323_sd741_sl9_pd257_pl8_sv7_bp14_ba720_bp59,176.18,15.27,51.75,220.53,175.77,186.49
26324_sd609_sl7_pd244_pl9_sv6_bp11_ba590_bp74,137.38,14.33,46.82,216.45,132.18,174.48
26325_sd681_sl11_pd210_pl10_sv8_bp12_ba590_bp70,151.48,17.31,57.53,297.59,152.23,258.91
26326_sd736_sl12_pd206_pl12_sv5_bp13_ba910_bp56,206.19,16.68,58.25,277.25,184.2,217.07
26327_sd806_sl5_pd184_pl11_sv6_bp12_ba650_bp70,158.57,13.04,47.12,186.06,153.4,162.66
26328_sd757_sl8_pd214_pl8_sv10_bp13_ba690_bp48,202.2,15.51,53.37,225.59,215.04,225.96
26329_sd780_sl11_pd208_pl7_sv7_bp12_ba630_bp59,194.11,15.15,51.8,232.26,219.69,212.24
26330_sd644_sl11_pd201_pl8_sv12_bp11_ba730_bp50,195.02,15.91,52.9,242.4,217.62,307.97
26331_sd728_sl7_pd218_pl8_sv9_bp14_ba820_bp54,214.04,17.48,58.72,289.23,222.72,263.17
26332_sd702_sl11_pd221_pl8_sv9_bp14_ba630_bp50,159.25,14.9,49.39,201.25,175.69,210.35
26333_sd739_sl7_pd193_pl7_sv5_bp12_ba580_bp45,146.34,13.46,43.17,184.07,140.16,151.98
26334_sd854_sl13_pd236_pl10_sv12_bp11_ba650_bp63,202.7,22.39,70.55,355.96,246.12,419.78
26335_sd844_sl12_pd121_pl11_sv6_bp12_ba680_bp51,170.4,14.9,49.77,213.92,172.78,165.86
26336_sd767_sl9_pd191_pl14_sv7_bp14_ba730_bp81,174.3,15.56,53.62,233.34,162.17,199.05
26337_sd614_sl10_pd209_pl11_sv9_bp11_ba490_bp63,137.48,12.48,35.15,160.75,156.96,149.79
26338_sd884_sl12_pd146_pl10_sv8_bp13_ba620_bp63,176.99,17.5,56.87,270.83,199.88,247.59
26339_sd715_sl12_pd175_pl9_sv9_bp13_ba720_bp47,237.6,17.07,55.59,266.16,275.89,269.99
26340_sd964_sl12_pd226_pl11_sv8_bp13_ba820_bp67,212.43,19.12,65.79,298.97,227.89,329.27
26341_sd871_sl10_pd198_pl11_sv5_bp13_ba780_bp66,178.97,15.64,55.08,227.78,159.8,175.88
26342_sd783_sl9_pd244_pl16_sv7_bp12_ba750_bp57,175.8,15.27,51.36,217.01,177.02,186.57
26343_sd780_sl10_pd195_pl14_sv8_bp12_ba690_bp70,166.45,15.43,54.64,250.53,165.26,226.92
26344_sd776_sl11_pd191_pl11_sv6_bp14_ba510_bp48,151.85,13.39,34.81,163.91,158.64,143.76
26345_sd720_sl9_pd154_pl10_sv5_bp13_ba810_bp60,195.24,14.95,53.41,247.24,180.03,175.56
26346_sd753_sl6_pd147_pl9_sv7_bp13_ba700_bp58,183.36,15.11,50.59,211.08,187.0,165.96
26347_sd798_sl9_pd219_pl12_sv10_bp11_ba710_bp60,185.44,15.75,55.8,235.44,192.31,296.32
26348_sd796_sl10_pd266_pl7_sv10_bp11_ba680_bp54,189.7,16.33,54.25,221.81,195.85,251.15
26349_sd841_sl9_pd203_pl10_sv9_bp12_ba690_bp47,175.65,15.98,53.94,196.89,174.24,223.51
26350_sd668_sl10_pd236_pl8_sv8_bp12_ba770_bp52,193.17,15.1,51.34,221.0,184.85,197.81
26351_sd695_sl9_pd232_pl9_sv5_bp12_ba710_bp59,183.59,14.28,52.33,218.59,182.61,154.51
26352_sd672_sl12_pd248_pl8_sv6_bp12_ba690_bp54,190.17,15.2,54.46,241.37,192.21,217.91
26353_sd735_sl10_pd174_pl8_sv10_bp13_ba810_bp52,213.98,16.86,59.46,254.83,225.52,275.39
26354_sd791_sl11_pd233_pl9_sv10_bp12_ba670_bp60,164.21,17.34,49.65,198.4,166.04,220.24
26355_sd714_sl10_pd252_pl10_sv8_bp11_ba780_bp62,182.36,15.67,55.33,244.82,171.9,216.11
26356_sd720_sl10_pd272_pl12_sv7_bp12_ba730_bp59,173.87,14.53,51.22,214.12,172.15,175.64
26357_sd752_sl11_pd103_pl7_sv4_bp12_ba590_bp49,142.79,13.26,43.12,177.33,129.22,121.17
26358_sd701_sl11_pd137_pl10_sv8_bp13_ba650_bp53,170.71,14.96,48.44,212.74,170.23,192.61
26359_sd699_sl9_pd236_pl10_sv9_bp12_ba710_bp48,167.8,15.2,51.79,220.28,178.37,231.61
26360_sd795_sl13_pd176_pl8_sv8_bp11_ba640_bp57,189.24,14.91,51.23,236.31,216.17,207.46
26361_sd750_sl9_pd128_pl11_sv5_bp12_ba610_bp70,148.37,12.59,43.25,177.47,135.26,139.06
26362_sd731_sl8_pd289_pl12_sv7_bp12_ba710_bp69,168.95,14.58,52.38,221.02,173.7,176.26
26363_sd774_sl10_pd194_pl13_sv9_bp13_ba630_bp60,166.46,15.94,55.5,271.15,186.39,251.67
26364_sd852_sl9_pd282_pl12_sv9_bp12_ba670_bp61,212.24,16.66,50.9,255.11,252.35,209.27
26365_sd728_sl9_pd139_pl12_sv10_bp12_ba650_bp66,172.3,14.9,52.83,209.82,195.23,232.91
26366_sd789_sl11_pd166_pl13_sv8_bp12_ba740_bp62,175.35,14.7,55.07,247.91,169.78,222.47
26367_sd630_sl11_pd181_pl11_sv10_bp11_ba630_bp68,152.9,14.33,44.41,186.8,169.4,186.41
26368_sd759_sl14_pd237_pl9_sv10_bp11_ba720_bp55,181.79,15.94,52.8,218.24,200.08,257.5
26369_sd833_sl9_pd254_pl9_sv6_bp11_ba930_bp63,216.85,18.57,66.31,317.02,201.91,244.9
26370_sd770_sl7_pd284_pl10_sv7_bp11_ba780_bp47,198.56,15.02,54.59,239.7,210.94,196.47
26371_sd704_sl10_pd187_pl8_sv12_bp11_ba820_bp66,225.09,18.5,57.67,244.09,240.32,378.57
26372_sd703_sl13_pd120_pl9_sv6_bp11_ba720_bp56,181.21,15.18,52.47,231.89,180.72,181.84
26373_sd734_sl6_pd181_pl11_sv7_bp12_ba670_bp56,211.39,15.26,48.36,233.82,250.49,214.36
26374_sd713_sl6_pd195_pl10_sv7_bp11_ba570_bp73,149.09,12.74,41.59,184.54,137.99,139.15
26375_sd740_sl13_pd125_pl8_sv10_bp13_ba700_bp64,183.51,15.31,57.62,216.49,177.69,274.24
26376_sd542_sl11_pd280_pl8_sv4_bp12_ba730_bp69,166.01,13.74,50.4,210.86,146.68,153.7
26377_sd675_sl13_pd225_pl11_sv8_bp11_ba560_bp69,139.06,14.13,42.21,178.99,144.27,146.05
26378_sd659_sl8_pd203_pl8_sv9_bp12_ba810_bp56,204.42,15.64,55.53,247.02,189.64,202.0
26379_sd730_sl12_pd220_pl11_sv12_bp12_ba730_bp68,184.86,17.94,61.21,280.49,215.51,303.98
26380_sd739_sl10_pd198_pl9_sv9_bp11_ba660_bp69,157.61,15.3,50.92,187.82,161.79,198.27
26381_sd809_sl10_pd208_pl8_sv8_bp12_ba740_bp55,191.83,15.92,51.55,234.46,192.66,221.21
26382_sd736_sl13_pd208_pl8_sv7_bp12_ba570_bp56,144.21,13.23,41.09,170.45,142.88,146.16
26383_sd755_sl12_pd202_pl13_sv12_bp11_ba860_bp53,229.17,18.2,64.58,281.4,242.48,277.79
26384_sd913_sl8_pd260_pl10_sv9_bp10_ba720_bp57,188.41,15.74,55.07,231.39,175.08,212.39
26385_sd779_sl9_pd240_pl8_sv8_bp11_ba670_bp52,162.71,15.82,54.19,241.73,176.9,190.25
26386_sd724_sl10_pd178_pl10_sv11_bp11_ba700_bp52,207.78,17.06,58.68,248.19,216.49,291.82
26387_sd689_sl10_pd195_pl7_sv9_bp13_ba880_bp52,229.13,17.37,59.9,304.41,220.07,298.11
26388_sd651_sl8_pd187_pl10_sv8_bp13_ba660_bp49,170.86,14.16,48.2,207.39,196.01,207.32
26389_sd678_sl11_pd190_pl9_sv10_bp12_ba630_bp65,175.02,14.73,48.82,186.56,168.67,220.46
26390_sd778_sl9_pd237_pl9_sv7_bp11_ba700_bp57,176.64,15.22,53.67,227.64,165.09,172.56
26391_sd715_sl9_pd178_pl12_sv5_bp13_ba750_bp48,181.9,14.28,50.86,218.26,173.78,161.77
26392_sd726_sl11_pd123_pl12_sv4_bp10_ba550_bp48,134.44,12.95,39.55,166.69,126.07,117.92
26393_sd632_sl12_pd230_pl9_sv8_bp12_ba650_bp64,160.66,14.0,52.12,219.16,158.75,194.24
26394_sd794_sl8_pd152_pl13_sv10_bp11_ba770_bp56,200.3,16.63,62.74,258.52,201.36,361.49
26395_sd640_sl13_pd245_pl13_sv10_bp13_ba630_bp56,170.33,15.42,53.79,228.66,168.91,218.35
26396_sd796_sl11_pd182_pl8_sv6_bp11_ba700_bp72,164.74,14.49,52.16,208.47,152.58,177.96
26397_sd689_sl9_pd214_pl9_sv10_bp12_ba490_bp48,137.76,12.34,39.51,164.2,141.39,215.07
26398_sd785_sl10_pd134_pl8_sv12_bp12_ba790_bp69,251.74,20.35,57.28,290.48,315.81,406.41
26399_sd753_sl11_pd243_pl13_sv10_bp12_ba720_bp51,173.37,16.08,52.81,228.64,186.11,226.49
26400_sd868_sl10_pd290_pl9_sv8_bp11_ba880_bp57,216.48,16.8,59.73,249.91,210.21,195.82
26401_sd643_sl12_pd144_pl6_sv9_bp13_ba770_bp51,197.09,17.4,55.56,238.5,211.13,232.69
26402_sd853_sl11_pd249_pl11_sv6_bp13_ba680_bp58,172.24,14.59,52.15,221.24,162.67,186.97
26403_sd716_sl12_pd200_pl12_sv7_bp11_ba760_bp52,202.64,16.62,55.2,255.32,202.48,191.1
26404_sd873_sl11_pd205_pl10_sv9_bp14_ba580_bp61,162.57,16.6,50.91,230.13,180.32,239.84
26405_sd818_sl11_pd224_pl11_sv8_bp13_ba700_bp56,178.38,18.06,60.51,287.23,181.25,295.78
26406_sd741_sl12_pd112_pl9_sv8_bp10_ba740_bp54,203.4,16.85,57.18,274.33,221.63,194.81
26407_sd855_sl10_pd241_pl13_sv8_bp13_ba620_bp59,153.7,15.21,54.98,236.46,155.78,240.96
26408_sd740_sl10_pd178_pl9_sv12_bp12_ba900_bp74,236.64,17.87,59.77,291.07,229.71,342.04
26409_sd780_sl10_pd248_pl9_sv6_bp12_ba710_bp59,173.8,14.47,52.57,225.95,168.25,190.18
26410_sd721_sl8_pd256_pl11_sv5_bp13_ba680_bp56,162.15,13.67,46.11,197.51,152.93,127.47
26411_sd816_sl9_pd242_pl13_sv6_bp12_ba570_bp50,150.27,14.2,47.33,211.6,143.2,181.04
26412_sd724_sl10_pd300_pl11_sv5_bp14_ba440_bp63,103.42,11.39,32.71,139.7,90.3,109.12
26413_sd725_sl6_pd184_pl10_sv12_bp13_ba820_bp44,281.29,20.91,56.26,285.12,331.26,419.51
26414_sd758_sl12_pd169_pl9_sv12_bp13_ba620_bp51,161.35,19.82,67.4,329.01,200.01,380.94
26415_sd776_sl8_pd258_pl7_sv9_bp12_ba580_bp68,164.92,13.97,48.33,202.21,175.19,214.47
26416_sd697_sl8_pd272_pl12_sv4_bp11_ba770_bp59,186.82,14.99,52.48,235.55,174.27,169.91
26417_sd790_sl10_pd260_pl7_sv9_bp10_ba840_bp66,205.89,17.13,59.38,255.79,204.02,234.31
26418_sd836_sl12_pd192_pl11_sv6_bp11_ba660_bp57,161.44,14.16,50.66,202.59,160.92,166.77
26419_sd800_sl13_pd226_pl9_sv9_bp14_ba760_bp73,264.17,19.0,58.99,284.01,306.83,295.97
26420_sd715_sl14_pd227_pl10_sv5_bp11_ba640_bp55,150.02,14.63,46.35,186.63,144.29,156.0
26421_sd694_sl9_pd146_pl11_sv7_bp11_ba630_bp51,147.88,13.35,42.74,173.15,137.63,172.08
26422_sd667_sl8_pd251_pl8_sv5_bp13_ba790_bp61,184.26,14.69,52.57,219.42,168.39,157.82
26423_sd780_sl11_pd182_pl13_sv5_bp12_ba610_bp47,142.56,13.64,44.97,194.31,140.45,153.26
26424_sd765_sl9_pd187_pl7_sv8_bp11_ba700_bp54,183.05,15.72,55.52,245.02,189.62,234.43
26425_sd723_sl8_pd225_pl7_sv9_bp11_ba770_bp57,201.65,16.69,59.32,254.74,189.25,227.47
26426_sd718_sl11_pd147_pl9_sv7_bp11_ba720_bp53,167.3,14.17,51.73,208.92,155.46,165.67
26427_sd706_sl8_pd138_pl10_sv7_bp14_ba600_bp52,153.48,14.24,44.42,190.62,163.17,182.61
26428_sd844_sl9_pd225_pl9_sv8_bp13_ba730_bp72,185.62,15.27,52.1,207.59,180.8,196.88
26429_sd735_sl5_pd274_pl10_sv7_bp10_ba670_bp61,174.55,13.99,50.38,213.19,180.56,163.77
26430_sd742_sl5_pd164_pl10_sv9_bp13_ba650_bp70,185.92,20.35,62.33,345.46,198.11,311.8
26431_sd650_sl12_pd242_pl12_sv8_bp14_ba660_bp60,164.69,14.2,52.55,235.85,162.46,225.44
26432_sd747_sl12_pd203_pl8_sv8_bp10_ba550_bp66,177.21,14.56,43.91,204.44,203.33,149.62
26433_sd796_sl12_pd211_pl10_sv7_bp12_ba830_bp68,190.68,16.48,57.37,254.69,180.39,216.04
26434_sd732_sl10_pd197_pl13_sv7_bp12_ba740_bp81,180.24,15.44,53.11,244.39,180.6,183.04
26435_sd809_sl9_pd206_pl8_sv11_bp11_ba700_bp58,209.09,16.39,55.9,246.49,247.98,292.56
26436_sd657_sl9_pd81_pl12_sv7_bp12_ba830_bp60,190.28,15.54,56.8,259.58,179.77,227.85
26437_sd747_sl10_pd187_pl12_sv10_bp11_ba760_bp55,202.62,16.63,54.08,248.64,230.29,230.82
26438_sd739_sl8_pd256_pl14_sv11_bp13_ba550_bp54,148.24,15.13,49.48,184.7,155.58,235.6
26439_sd685_sl12_pd196_pl11_sv6_bp11_ba910_bp69,205.09,16.54,56.49,271.3,187.04,211.19
26440_sd766_sl6_pd209_pl10_sv10_bp11_ba930_bp62,271.63,20.82,59.0,310.48,267.21,270.95
26441_sd633_sl13_pd192_pl12_sv6_bp11_ba610_bp69,144.22,13.99,44.3,188.23,133.54,155.9
26442_sd642_sl9_pd200_pl14_sv8_bp10_ba700_bp52,164.22,15.33,51.28,224.55,161.46,199.33
26443_sd776_sl11_pd175_pl12_sv7_bp13_ba650_bp44,158.1,13.98,50.25,214.71,174.1,177.25
26444_sd725_sl11_pd229_pl11_sv8_bp12_ba890_bp52,218.31,20.29,66.3,333.62,208.54,300.22
26445_sd771_sl7_pd204_pl9_sv8_bp12_ba600_bp45,164.34,14.88,53.71,248.27,180.33,207.1
26446_sd780_sl13_pd306_pl10_sv9_bp11_ba710_bp58,193.19,17.32,56.95,264.8,187.98,248.33
26447_sd609_sl9_pd127_pl12_sv1_bp13_ba740_bp80,163.84,13.81,48.4,209.16,143.07,150.18
26448_sd686_sl11_pd188_pl6_sv7_bp12_ba810_bp56,222.02,16.7,58.25,278.67,239.85,243.44
26449_sd796_sl7_pd254_pl10_sv11_bp12_ba660_bp45,189.29,16.43,56.53,242.52,218.74,218.71
26450_sd719_sl16_pd176_pl5_sv9_bp11_ba680_bp54,240.65,17.76,56.11,265.73,282.26,274.6
26451_sd848_sl6_pd260_pl14_sv10_bp12_ba700_bp62,201.71,15.82,55.33,229.18,216.97,270.63
26452_sd626_sl12_pd191_pl9_sv6_bp11_ba640_bp52,162.52,13.89,49.04,209.8,160.24,166.06
26453_sd860_sl9_pd278_pl9_sv5_bp12_ba630_bp44,151.43,13.74,48.36,197.23,149.44,172.15
26454_sd713_sl13_pd227_pl8_sv7_bp13_ba740_bp61,177.66,14.99,53.07,211.07,166.17,165.24
26455_sd697_sl12_pd149_pl11_sv8_bp11_ba780_bp48,186.07,17.87,60.28,286.29,180.79,269.75
26456_sd663_sl8_pd183_pl11_sv5_bp10_ba520_bp68,138.87,12.24,38.56,170.8,143.67,133.47
26457_sd785_sl8_pd201_pl13_sv7_bp13_ba680_bp71,168.46,13.74,47.71,197.32,160.1,151.02
26458_sd792_sl8_pd253_pl9_sv7_bp11_ba640_bp50,173.29,15.25,49.42,215.6,183.0,191.98
26459_sd741_sl9_pd260_pl11_sv8_bp11_ba750_bp74,200.16,15.79,55.85,242.26,205.65,203.01
26460_sd744_sl14_pd257_pl10_sv9_bp11_ba680_bp61,177.06,15.94,58.14,263.14,165.11,212.94
26461_sd737_sl9_pd134_pl9_sv10_bp10_ba850_bp48,215.88,15.82,58.69,254.2,224.17,286.42
26462_sd772_sl9_pd274_pl12_sv6_bp11_ba740_bp82,176.48,14.25,52.13,219.12,166.15,176.28
26463_sd775_sl12_pd218_pl10_sv11_bp13_ba580_bp65,151.54,16.85,55.01,227.73,165.59,256.63
26464_sd762_sl8_pd271_pl11_sv6_bp12_ba660_bp48,153.06,13.65,44.24,182.88,148.0,172.85
26465_sd657_sl10_pd210_pl11_sv9_bp11_ba780_bp55,194.17,16.1,55.41,252.44,185.41,226.05
26466_sd679_sl8_pd243_pl10_sv7_bp13_ba780_bp52,182.4,15.38,52.47,227.3,179.85,191.82
26467_sd799_sl10_pd148_pl9_sv12_bp11_ba580_bp54,185.06,15.4,52.75,215.95,208.3,331.99
26468_sd697_sl10_pd159_pl9_sv8_bp15_ba750_bp51,187.74,15.5,56.53,240.7,174.68,225.79
26469_sd744_sl9_pd223_pl8_sv7_bp12_ba790_bp64,204.4,16.4,56.49,256.02,186.16,218.76
26470_sd708_sl8_pd247_pl10_sv10_bp13_ba710_bp61,195.22,15.49,51.95,220.04,187.65,255.92
26471_sd710_sl9_pd266_pl9_sv6_bp10_ba660_bp60,159.82,13.61,50.23,206.8,148.83,161.8
26472_sd791_sl12_pd198_pl8_sv9_bp11_ba700_bp77,244.45,17.66,56.22,279.8,299.95,267.3
26473_sd614_sl7_pd213_pl10_sv8_bp12_ba640_bp62,158.72,13.71,43.61,183.25,163.42,154.48
26474_sd823_sl10_pd151_pl10_sv7_bp11_ba670_bp42,162.85,15.22,51.15,223.53,167.32,210.23
26475_sd684_sl10_pd188_pl9_sv10_bp13_ba460_bp46,130.08,12.96,36.58,143.48,131.33,194.36
26476_sd566_sl10_pd255_pl11_sv13_bp13_ba790_bp69,199.32,17.82,56.18,276.67,215.66,310.46
26477_sd682_sl11_pd144_pl8_sv12_bp12_ba630_bp44,165.82,16.88,52.4,200.14,197.74,312.5
26478_sd713_sl13_pd150_pl8_sv9_bp12_ba850_bp67,290.28,19.58,62.03,311.53,344.69,320.74
26479_sd736_sl11_pd189_pl5_sv8_bp12_ba830_bp62,208.07,20.63,68.05,348.17,207.73,312.53
26480_sd746_sl10_pd146_pl11_sv9_bp12_ba580_bp68,155.04,15.21,46.67,223.08,158.37,194.86
26481_sd815_sl8_pd198_pl9_sv7_bp12_ba550_bp43,137.5,13.17,43.19,180.55,143.49,167.31
26482_sd847_sl13_pd169_pl8_sv5_bp13_ba710_bp78,174.2,14.71,54.13,225.22,167.98,181.15
26483_sd735_sl11_pd190_pl9_sv9_bp13_ba930_bp77,216.68,18.58,60.93,292.78,205.4,265.86
26484_sd794_sl12_pd191_pl11_sv9_bp13_ba730_bp59,185.78,18.81,62.75,279.77,194.69,232.36
26485_sd893_sl7_pd162_pl10_sv12_bp12_ba690_bp56,245.57,23.04,55.86,227.17,306.49,344.46
26486_sd675_sl8_pd322_pl10_sv8_bp13_ba870_bp48,222.48,16.88,57.52,267.0,224.9,203.64
26487_sd713_sl9_pd150_pl11_sv10_bp12_ba890_bp59,223.09,18.28,62.16,290.86,219.23,283.9
26488_sd841_sl12_pd154_pl10_sv12_bp13_ba710_bp68,179.96,20.32,67.24,323.14,212.69,375.84
26489_sd826_sl11_pd202_pl13_sv10_bp11_ba720_bp64,183.5,16.02,53.99,235.21,186.39,232.24
26490_sd874_sl12_pd215_pl7_sv9_bp11_ba810_bp56,203.24,18.69,60.83,240.49,236.06,293.39
26491_sd781_sl10_pd160_pl6_sv7_bp12_ba830_bp56,211.37,17.04,59.02,262.92,203.96,222.29
26492_sd826_sl12_pd206_pl8_sv6_bp13_ba620_bp71,147.32,13.97,46.45,182.63,133.66,161.83
26493_sd780_sl14_pd210_pl11_sv9_bp12_ba830_bp60,207.0,17.4,61.33,292.46,215.14,278.2
26494_sd813_sl9_pd185_pl9_sv9_bp13_ba680_bp61,189.02,15.84,54.43,233.33,186.27,230.45
26495_sd744_sl4_pd173_pl10_sv12_bp11_ba730_bp68,276.76,27.3,58.19,372.87,396.74,390.3
26496_sd819_sl9_pd196_pl12_sv11_bp12_ba660_bp65,186.47,16.95,57.92,281.39,198.49,303.44
26497_sd728_sl10_pd229_pl11_sv7_bp12_ba750_bp56,179.34,15.07,53.39,220.7,171.34,186.09
26498_sd868_sl9_pd173_pl9_sv9_bp12_ba760_bp62,190.91,17.68,54.59,224.26,193.86,211.73
26499_sd679_sl10_pd234_pl11_sv5_bp12_ba770_bp55,176.87,14.01,50.65,212.82,156.29,167.91
26500_sd636_sl11_pd202_pl10_sv8_bp13_ba680_bp51,166.39,14.97,54.28,242.05,168.06,229.14
26501_sd945_sl7_pd221_pl9_sv8_bp12_ba720_bp43,193.72,15.93,51.18,221.74,200.51,217.78
26502_sd697_sl12_pd201_pl11_sv11_bp12_ba670_bp54,159.7,16.68,55.06,227.68,183.28,215.68
26503_sd873_sl12_pd138_pl6_sv7_bp13_ba590_bp55,175.58,13.86,48.4,203.98,203.13,215.59
26504_sd780_sl10_pd266_pl11_sv8_bp12_ba620_bp48,158.08,15.01,52.62,224.71,162.21,192.11
26505_sd775_sl10_pd252_pl8_sv7_bp12_ba800_bp59,183.97,16.42,59.19,259.3,172.03,193.53
26506_sd675_sl8_pd201_pl8_sv7_bp11_ba420_bp57,112.52,11.53,30.05,128.96,118.46,123.76
26507_sd761_sl7_pd190_pl12_sv10_bp12_ba540_bp73,160.84,13.79,42.95,162.3,154.8,205.27
26508_sd925_sl10_pd188_pl9_sv4_bp14_ba590_bp52,137.79,13.62,47.19,192.18,124.84,154.53
26509_sd671_sl10_pd210_pl8_sv8_bp12_ba720_bp54,174.94,15.2,49.53,207.17,183.1,183.79
26510_sd789_sl11_pd198_pl11_sv10_bp13_ba810_bp59,205.58,18.26,58.17,248.12,209.48,235.62
26511_sd775_sl6_pd206_pl9_sv8_bp10_ba790_bp63,207.16,16.74,59.3,293.1,199.91,244.49
26512_sd771_sl12_pd227_pl11_sv9_bp13_ba600_bp44,159.53,16.19,49.56,226.6,177.99,228.0
26513_sd795_sl13_pd219_pl10_sv8_bp10_ba610_bp53,160.13,14.49,50.2,213.1,160.96,195.1
26514_sd656_sl13_pd217_pl8_sv5_bp13_ba740_bp63,167.76,14.11,52.35,202.49,146.97,147.87
26515_sd888_sl7_pd265_pl10_sv11_bp12_ba670_bp68,206.37,17.42,54.51,205.03,239.94,252.93
26516_sd740_sl11_pd187_pl11_sv10_bp12_ba650_bp61,162.84,15.92,50.55,209.95,168.67,230.57
26517_sd793_sl8_pd191_pl10_sv7_bp12_ba780_bp63,215.35,16.6,53.31,249.08,237.19,211.07
26518_sd739_sl13_pd212_pl9_sv9_bp12_ba650_bp58,200.95,15.7,50.62,237.71,230.2,257.46
26519_sd830_sl7_pd209_pl11_sv4_bp12_ba710_bp69,167.82,14.01,49.19,203.55,150.77,147.45
26520_sd649_sl9_pd138_pl14_sv8_bp11_ba690_bp57,165.29,13.84,51.29,212.8,157.92,196.78
26521_sd865_sl11_pd214_pl12_sv6_bp13_ba570_bp67,164.58,14.47,41.98,188.86,172.76,182.8
26522_sd826_sl11_pd122_pl11_sv4_bp12_ba790_bp52,177.59,15.42,53.13,236.42,155.96,177.45
26524_sd735_sl14_pd218_pl9_sv9_bp13_ba600_bp63,157.77,16.24,52.87,246.75,162.26,238.28
26525_sd919_sl11_pd190_pl10_sv10_bp11_ba740_bp70,175.95,18.62,61.6,235.88,178.89,257.56
26526_sd755_sl13_pd168_pl8_sv10_bp10_ba680_bp40,175.81,14.87,57.22,228.58,184.41,302.94
26527_sd635_sl11_pd183_pl12_sv6_bp13_ba610_bp62,145.62,13.03,43.58,174.84,133.43,140.56
26528_sd692_sl8_pd220_pl9_sv8_bp12_ba700_bp60,184.85,14.39,47.88,209.03,178.09,184.91
26529_sd814_sl10_pd237_pl10_sv7_bp11_ba770_bp61,186.97,16.53,57.7,250.81,183.32,202.14
26530_sd851_sl10_pd134_pl10_sv9_bp10_ba590_bp63,143.49,15.28,49.37,203.89,144.19,198.75
26531_sd824_sl10_pd156_pl14_sv8_bp12_ba660_bp33,160.88,14.95,50.37,211.08,153.34,201.71
26532_sd749_sl11_pd209_pl5_sv7_bp13_ba750_bp71,184.43,15.33,53.54,223.51,182.41,175.33
26533_sd684_sl9_pd244_pl14_sv5_bp13_ba890_bp43,204.93,15.76,55.02,256.3,192.16,190.66
26534_sd830_sl10_pd167_pl10_sv7_bp11_ba780_bp66,184.11,16.45,59.23,265.18,173.32,251.36
26535_sd691_sl10_pd186_pl10_sv6_bp11_ba900_bp66,228.93,16.24,55.91,262.14,224.57,213.3
26536_sd856_sl9_pd224_pl11_sv9_bp11_ba920_bp51,223.11,18.4,65.13,290.42,220.35,256.32
26537_sd724_sl10_pd188_pl5_sv10_bp14_ba710_bp74,198.96,16.93,50.21,230.88,208.23,181.61
26538_sd793_sl12_pd213_pl12_sv7_bp12_ba620_bp52,178.99,14.95,51.27,239.03,191.75,191.89
26539_sd747_sl10_pd258_pl12_sv7_bp11_ba700_bp58,166.7,15.07,52.35,225.27,173.82,186.27
26540_sd768_sl9_pd243_pl10_sv10_bp10_ba730_bp58,182.84,17.2,56.29,224.06,185.91,234.77
26541_sd682_sl10_pd130_pl8_sv9_bp13_ba650_bp44,168.25,15.27,50.41,199.19,191.6,201.25
26542_sd786_sl5_pd224_pl8_sv6_bp11_ba520_bp72,124.49,12.21,37.55,162.83,119.53,138.7
26543_sd683_sl9_pd142_pl11_sv12_bp14_ba700_bp56,190.87,17.3,55.0,249.15,233.47,382.72
26544_sd719_sl11_pd175_pl9_sv9_bp11_ba700_bp74,176.77,16.14,51.69,206.93,188.02,211.96
26545_sd893_sl10_pd204_pl13_sv8_bp13_ba750_bp49,178.24,16.76,60.65,295.69,177.06,261.04
26546_sd777_sl13_pd168_pl12_sv9_bp13_ba670_bp53,175.1,16.84,59.52,284.58,194.4,261.35
26547_sd747_sl10_pd170_pl8_sv9_bp11_ba520_bp68,135.04,13.11,37.55,150.71,145.67,168.37
26548_sd696_sl10_pd157_pl11_sv7_bp11_ba780_bp70,180.45,15.65,54.64,234.69,181.2,189.23
26549_sd679_sl10_pd226_pl12_sv6_bp15_ba550_bp59,140.81,13.16,43.21,181.67,146.81,145.75
26550_sd841_sl11_pd216_pl9_sv10_bp12_ba550_bp47,144.87,15.31,46.37,173.94,164.74,247.4
26551_sd798_sl13_pd216_pl11_sv7_bp13_ba770_bp84,206.3,16.86,56.25,246.24,212.15,186.53
26552_sd779_sl9_pd151_pl9_sv3_bp12_ba830_bp62,189.65,15.12,54.65,247.38,170.55,190.03
26553_sd687_sl5_pd332_pl9_sv9_bp13_ba560_bp61,157.78,14.32,41.1,188.02,168.02,139.93
26554_sd777_sl6_pd226_pl7_sv4_bp12_ba520_bp52,131.25,12.58,37.85,157.55,124.42,105.84
26555_sd772_sl12_pd162_pl10_sv7_bp11_ba750_bp58,182.34,15.39,56.05,248.47,179.62,209.94
26556_sd889_sl10_pd151_pl12_sv8_bp12_ba570_bp61,145.34,15.99,58.46,280.64,159.88,264.63
26557_sd788_sl10_pd195_pl10_sv6_bp14_ba680_bp72,185.65,14.95,45.7,209.52,189.99,156.41
26558_sd851_sl12_pd277_pl11_sv9_bp12_ba710_bp54,184.18,17.84,58.45,256.53,194.77,259.5
26559_sd799_sl10_pd254_pl10_sv11_bp11_ba760_bp66,185.58,16.75,61.18,253.05,194.97,266.8
26560_sd701_sl10_pd244_pl8_sv6_bp12_ba730_bp68,176.99,14.57,51.77,222.64,164.87,184.61
26561_sd723_sl13_pd168_pl11_sv9_bp13_ba680_bp59,180.31,16.99,56.41,257.67,179.2,245.23
26562_sd841_sl9_pd206_pl10_sv6_bp14_ba690_bp55,166.23,14.26,51.17,209.84,158.67,188.38
26563_sd736_sl11_pd274_pl7_sv6_bp12_ba710_bp67,167.16,14.25,48.21,201.71,158.06,162.26
26564_sd723_sl14_pd257_pl10_sv7_bp12_ba830_bp60,194.02,15.89,55.25,236.35,186.78,202.85
26565_sd769_sl11_pd264_pl13_sv5_bp12_ba820_bp66,189.42,15.71,54.48,247.65,172.06,197.18
26566_sd795_sl11_pd349_pl11_sv6_bp12_ba660_bp82,180.78,14.4,51.82,218.65,190.67,178.82
26567_sd806_sl7_pd119_pl12_sv7_bp13_ba560_bp62,149.82,12.96,43.49,189.54,150.83,168.38
26568_sd838_sl7_pd174_pl11_sv5_bp12_ba600_bp56,143.23,13.4,43.16,174.66,131.03,147.73
26569_sd701_sl11_pd77_pl13_sv8_bp13_ba870_bp76,202.76,16.55,57.09,273.46,186.8,241.59
26570_sd880_sl11_pd218_pl10_sv10_bp13_ba680_bp58,185.07,17.59,53.83,209.89,182.51,244.81
26571_sd961_sl9_pd303_pl10_sv10_bp11_ba900_bp59,223.08,18.89,63.49,282.72,228.16,299.36
26572_sd772_sl10_pd311_pl8_sv10_bp13_ba710_bp45,181.07,16.43,59.14,231.68,188.59,253.21
26573_sd683_sl7_pd149_pl11_sv5_bp14_ba680_bp62,164.79,13.59,45.08,190.41,145.4,147.14
26574_sd695_sl10_pd252_pl8_sv5_bp12_ba590_bp46,145.89,13.21,39.96,172.77,136.14,124.32
26575_sd789_sl9_pd203_pl8_sv6_bp11_ba700_bp41,165.74,17.06,58.9,280.54,171.05,234.64
26576_sd805_sl12_pd112_pl11_sv9_bp12_ba650_bp75,165.51,17.23,55.86,242.34,175.64,213.16
26577_sd849_sl11_pd239_pl8_sv9_bp10_ba740_bp65,197.72,16.08,55.08,229.18,198.49,238.01
26578_sd733_sl11_pd204_pl12_sv5_bp12_ba600_bp76,138.93,13.13,38.44,172.23,132.79,129.14
26579_sd786_sl11_pd117_pl7_sv9_bp11_ba810_bp64,198.52,17.76,57.91,240.25,215.25,256.69
26580_sd781_sl9_pd196_pl12_sv10_bp12_ba580_bp62,176.66,14.4,46.44,204.57,207.79,206.58
26581_sd698_sl6_pd170_pl7_sv9_bp13_ba790_bp62,220.19,16.22,56.23,253.56,232.46,205.7
26582_sd766_sl11_pd195_pl9_sv9_bp11_ba970_bp51,232.4,20.88,63.51,279.21,245.94,322.79
26583_sd721_sl11_pd206_pl10_sv7_bp12_ba740_bp62,174.83,15.25,53.33,212.13,165.43,166.96
26584_sd715_sl9_pd227_pl10_sv8_bp11_ba700_bp66,165.08,14.42,51.16,224.94,160.94,197.5
26585_sd729_sl6_pd245_pl8_sv10_bp10_ba780_bp66,231.89,17.45,57.04,276.86,246.57,262.85
26586_sd754_sl12_pd198_pl12_sv5_bp13_ba600_bp67,140.15,13.44,45.25,185.6,124.45,150.98
26587_sd734_sl7_pd189_pl9_sv8_bp13_ba720_bp57,193.97,14.59,50.29,215.44,189.36,183.32
26588_sd639_sl10_pd213_pl10_sv6_bp11_ba690_bp67,192.75,14.86,50.33,221.4,197.47,165.9
26589_sd752_sl8_pd122_pl7_sv8_bp11_ba650_bp67,178.81,14.86,49.29,211.2,170.07,177.31
26590_sd800_sl8_pd265_pl7_sv9_bp11_ba680_bp56,202.3,14.94,52.74,228.39,211.68,231.44
26591_sd854_sl11_pd155_pl7_sv10_bp13_ba730_bp46,214.02,19.87,62.55,242.32,226.62,301.37
26592_sd778_sl11_pd294_pl8_sv8_bp13_ba600_bp86,184.63,14.19,46.29,206.54,207.39,177.05
26593_sd800_sl11_pd136_pl10_sv8_bp12_ba720_bp55,185.11,20.08,65.15,355.51,185.65,310.89
26594_sd824_sl11_pd132_pl13_sv7_bp11_ba650_bp32,181.57,15.99,52.5,234.92,191.75,186.54
26595_sd708_sl11_pd165_pl10_sv13_bp11_ba790_bp70,218.44,18.21,59.48,294.43,253.81,321.69
26596_sd768_sl8_pd194_pl11_sv10_bp13_ba760_bp69,201.41,16.09,54.81,230.02,211.41,263.05
26597_sd733_sl13_pd187_pl9_sv6_bp11_ba690_bp57,187.39,16.21,55.7,265.23,185.63,223.17
26598_sd668_sl9_pd198_pl11_sv5_bp11_ba710_bp66,180.04,14.21,45.62,196.32,179.47,146.34
26599_sd826_sl9_pd225_pl10_sv7_bp10_ba650_bp54,158.35,14.7,53.95,227.57,158.94,206.65
26600_sd713_sl9_pd251_pl9_sv10_bp12_ba670_bp53,187.19,14.51,53.98,209.13,185.47,263.01
26601_sd735_sl8_pd176_pl9_sv4_bp13_ba670_bp62,162.48,13.77,43.7,184.81,144.77,133.35
26602_sd861_sl7_pd242_pl7_sv8_bp12_ba650_bp58,184.63,14.5,51.82,214.84,187.01,196.06
26603_sd696_sl14_pd261_pl13_sv6_bp10_ba710_bp53,166.18,14.89,52.13,227.48,149.48,169.63
26604_sd775_sl11_pd176_pl10_sv9_bp11_ba570_bp49,144.12,15.41,45.33,177.76,155.47,210.18
26605_sd740_sl6_pd281_pl10_sv10_bp11_ba850_bp38,229.69,17.98,57.31,276.76,223.09,257.77
26606_sd684_sl6_pd324_pl8_sv9_bp13_ba740_bp55,182.99,17.03,56.71,244.94,200.31,220.88
26607_sd615_sl8_pd253_pl10_sv9_bp10_ba730_bp66,182.5,14.12,50.31,208.54,177.77,202.52
26608_sd781_sl14_pd197_pl9_sv12_bp13_ba860_bp35,234.72,18.13,69.15,323.33,256.97,415.89
26609_sd779_sl10_pd87_pl11_sv8_bp12_ba630_bp59,164.89,19.12,63.03,343.99,164.11,306.56
26610_sd628_sl11_pd175_pl12_sv8_bp12_ba620_bp43,150.72,13.13,46.47,199.49,150.71,199.54
26611_sd696_sl7_pd236_pl11_sv9_bp11_ba590_bp57,163.01,12.96,44.55,171.11,166.06,177.59
26612_sd831_sl11_pd270_pl8_sv11_bp13_ba700_bp68,174.25,16.71,61.65,254.28,183.78,284.73
26613_sd767_sl11_pd254_pl12_sv7_bp11_ba550_bp69,159.15,14.01,43.15,195.79,171.87,149.55
26614_sd718_sl7_pd164_pl11_sv7_bp13_ba710_bp67,164.81,13.74,49.58,203.41,148.25,174.43
26615_sd753_sl12_pd210_pl12_sv10_bp12_ba610_bp73,152.6,15.21,47.9,193.84,160.06,184.78
26616_sd696_sl14_pd188_pl13_sv9_bp12_ba670_bp75,168.51,17.44,52.79,225.85,175.82,220.26
26617_sd736_sl7_pd84_pl7_sv9_bp12_ba670_bp38,192.15,15.16,50.51,211.27,213.52,217.1
26618_sd742_sl11_pd156_pl10_sv10_bp12_ba690_bp56,171.16,17.77,51.6,203.15,178.62,212.65
26619_sd718_sl10_pd306_pl8_sv9_bp12_ba640_bp52,163.88,14.23,47.47,191.88,164.62,207.86
26620_sd907_sl10_pd192_pl12_sv8_bp11_ba740_bp67,204.32,20.44,65.62,374.42,198.59,318.99
26621_sd827_sl11_pd269_pl11_sv9_bp13_ba740_bp68,175.93,17.26,59.74,275.56,187.89,242.63
26622_sd755_sl11_pd179_pl10_sv6_bp13_ba640_bp55,175.69,14.09,46.22,207.21,177.93,168.75
26623_sd828_sl8_pd174_pl12_sv10_bp12_ba690_bp68,203.83,14.81,53.0,218.41,222.49,294.4
26624_sd811_sl10_pd71_pl8_sv7_bp13_ba710_bp57,191.58,14.58,50.98,212.24,178.2,220.24
26625_sd767_sl11_pd182_pl11_sv10_bp11_ba750_bp58,184.68,16.87,56.83,244.16,184.6,251.77
26626_sd705_sl10_pd204_pl8_sv9_bp13_ba490_bp41,127.22,13.25,38.26,145.15,147.09,173.37
26627_sd956_sl8_pd140_pl7_sv8_bp12_ba780_bp64,220.7,18.98,64.71,318.88,230.27,355.22
26628_sd756_sl8_pd100_pl10_sv12_bp11_ba790_bp71,255.85,21.65,55.59,281.54,292.39,402.36
26629_sd688_sl10_pd215_pl13_sv8_bp12_ba770_bp59,174.09,15.78,56.57,232.55,170.71,218.81
26630_sd880_sl11_pd191_pl11_sv6_bp13_ba700_bp45,203.88,15.88,54.2,262.53,216.68,221.69
26631_sd714_sl8_pd278_pl10_sv7_bp11_ba820_bp44,190.34,15.31,54.86,237.31,173.99,195.43
26632_sd734_sl9_pd149_pl11_sv6_bp12_ba770_bp73,206.76,15.95,54.52,250.24,209.4,208.39
26633_sd665_sl8_pd255_pl11_sv7_bp12_ba770_bp80,191.56,15.02,51.74,226.49,169.91,183.46
26634_sd841_sl13_pd165_pl11_sv6_bp13_ba810_bp43,196.73,16.41,56.79,259.16,185.81,212.25
26635_sd653_sl7_pd166_pl10_sv7_bp10_ba750_bp54,180.14,14.9,51.29,220.84,176.32,178.26
26636_sd707_sl13_pd148_pl13_sv5_bp10_ba820_bp47,189.32,16.35,54.76,246.32,169.38,204.22
26637_sd798_sl8_pd177_pl11_sv7_bp12_ba680_bp76,184.84,15.1,51.26,217.42,199.04,196.07
26638_sd707_sl11_pd233_pl10_sv10_bp11_ba600_bp58,148.12,15.42,48.34,197.15,166.97,191.58
26639_sd853_sl10_pd161_pl9_sv7_bp13_ba610_bp65,149.66,14.13,47.07,191.39,145.12,185.44
26640_sd772_sl11_pd222_pl8_sv6_bp12_ba640_bp45,150.57,13.81,44.16,187.6,141.94,174.73
26641_sd779_sl11_pd168_pl5_sv10_bp11_ba710_bp51,206.53,17.81,56.59,230.01,225.25,278.29
26642_sd784_sl12_pd133_pl8_sv8_bp13_ba730_bp56,211.71,16.29,53.18,260.99,229.79,286.46
26643_sd784_sl9_pd261_pl11_sv7_bp12_ba740_bp76,178.3,16.83,58.77,288.56,170.3,251.02
26644_sd639_sl8_pd133_pl11_sv12_bp12_ba710_bp69,195.48,16.09,56.46,237.16,199.05,259.24
26645_sd693_sl9_pd220_pl10_sv11_bp11_ba610_bp77,165.94,13.9,48.96,196.82,165.32,225.26
26646_sd780_sl10_pd164_pl11_sv6_bp12_ba870_bp51,216.73,17.02,60.16,291.48,209.17,239.39
26647_sd677_sl7_pd175_pl6_sv7_bp13_ba410_bp63,101.71,10.7,30.71,120.52,94.58,111.26
26648_sd754_sl8_pd266_pl13_sv8_bp14_ba760_bp66,187.21,16.2,59.04,272.87,195.38,232.36
26649_sd712_sl10_pd216_pl13_sv8_bp12_ba660_bp67,159.25,13.87,50.32,206.79,158.41,165.01
26650_sd670_sl12_pd169_pl9_sv8_bp13_ba710_bp47,193.79,17.43,59.56,290.55,195.29,256.44
26651_sd715_sl11_pd238_pl9_sv6_bp13_ba720_bp62,200.7,15.82,53.28,249.59,220.84,199.93
26652_sd719_sl13_pd245_pl10_sv11_bp13_ba770_bp74,198.13,16.71,58.35,251.91,192.17,277.89
26653_sd801_sl9_pd217_pl11_sv8_bp10_ba740_bp51,193.25,16.54,57.5,259.15,214.77,218.32
26654_sd715_sl10_pd266_pl12_sv8_bp9_ba860_bp52,208.95,17.86,61.73,305.94,192.35,256.19
26655_sd702_sl11_pd121_pl7_sv5_bp11_ba800_bp60,182.59,15.14,54.84,242.43,164.99,196.17
26656_sd624_sl11_pd174_pl15_sv9_bp13_ba780_bp52,185.18,16.14,55.66,254.11,200.3,229.77
26657_sd786_sl8_pd173_pl12_sv8_bp12_ba680_bp57,204.81,16.25,54.76,246.95,235.24,222.21
26658_sd678_sl9_pd202_pl10_sv8_bp11_ba600_bp86,149.12,13.38,41.97,179.76,160.1,165.92
26659_sd696_sl14_pd200_pl8_sv8_bp12_ba860_bp50,205.55,16.12,58.27,253.05,211.49,209.36
26660_sd741_sl8_pd267_pl10_sv6_bp11_ba760_bp57,180.25,14.88,53.51,220.05,166.83,166.06
26661_sd710_sl8_pd160_pl10_sv10_bp12_ba850_bp62,215.9,16.22,57.16,269.55,218.83,266.48
26662_sd621_sl10_pd218_pl14_sv7_bp13_ba720_bp81,174.71,15.05,51.97,234.58,169.43,188.57
26663_sd627_sl8_pd193_pl11_sv7_bp13_ba590_bp58,148.44,13.77,41.41,178.56,166.99,166.2
26664_sd874_sl13_pd247_pl11_sv10_bp11_ba640_bp46,170.61,16.27,53.23,228.26,183.39,259.49
26665_sd712_sl8_pd228_pl10_sv8_bp11_ba720_bp56,188.13,15.13,51.84,245.92,179.0,196.04
26666_sd719_sl8_pd183_pl8_sv6_bp12_ba760_bp72,187.05,16.02,57.05,253.78,169.97,195.78
26667_sd716_sl8_pd267_pl9_sv10_bp11_ba540_bp47,152.73,13.98,44.09,168.67,170.75,192.23
26668_sd768_sl7_pd221_pl9_sv7_bp13_ba710_bp60,194.07,14.93,50.65,222.83,181.18,192.29
26669_sd676_sl10_pd233_pl11_sv6_bp12_ba740_bp50,179.99,14.4,51.59,210.35,171.82,162.28
26670_sd753_sl11_pd173_pl8_sv10_bp11_ba810_bp71,205.2,16.75,58.29,223.78,207.26,244.42
26671_sd821_sl13_pd209_pl10_sv5_bp12_ba740_bp53,171.67,15.17,54.34,226.97,155.37,190.51
26672_sd690_sl8_pd145_pl10_sv8_bp12_ba520_bp67,141.87,12.27,36.84,162.01,166.5,171.07
26673_sd552_sl10_pd210_pl10_sv8_bp12_ba740_bp55,179.07,14.8,52.49,240.19,171.92,187.07
26674_sd634_sl10_pd295_pl12_sv3_bp14_ba700_bp64,157.47,14.25,50.5,203.76,142.67,140.42
26675_sd837_sl8_pd134_pl13_sv6_bp13_ba710_bp53,176.96,14.16,52.52,217.08,173.91,175.29
26676_sd761_sl9_pd108_pl9_sv6_bp12_ba630_bp65,156.41,13.2,41.3,177.22,157.51,147.0
26677_sd919_sl10_pd197_pl7_sv7_bp13_ba570_bp58,159.36,14.69,39.78,182.62,161.87,190.99
26678_sd784_sl10_pd157_pl11_sv6_bp13_ba860_bp48,207.81,16.71,58.1,266.56,199.89,205.33
26679_sd677_sl11_pd219_pl8_sv3_bp12_ba560_bp54,131.09,12.25,41.52,170.31,117.34,128.72
26680_sd789_sl11_pd226_pl13_sv8_bp12_ba640_bp62,152.19,15.13,52.38,220.48,153.04,221.77
26681_sd782_sl16_pd214_pl12_sv10_bp12_ba690_bp69,185.69,16.36,52.26,211.94,200.11,231.0
26682_sd860_sl6_pd167_pl12_sv5_bp10_ba830_bp61,192.92,15.79,53.28,234.98,166.54,170.86
26683_sd753_sl7_pd130_pl8_sv8_bp12_ba680_bp58,184.22,14.69,46.78,206.58,185.03,162.23
26684_sd695_sl10_pd173_pl12_sv7_bp11_ba760_bp51,182.84,15.15,53.03,227.53,181.15,195.08
26685_sd825_sl10_pd226_pl11_sv9_bp14_ba830_bp46,201.68,17.91,61.25,263.86,204.63,261.08
26686_sd721_sl9_pd170_pl12_sv6_bp13_ba740_bp76,198.29,15.45,52.35,232.03,204.11,182.08
26687_sd716_sl10_pd202_pl12_sv10_bp12_ba930_bp56,244.93,18.64,62.02,319.53,247.64,284.23
26688_sd820_sl11_pd205_pl11_sv9_bp13_ba660_bp56,164.87,17.67,58.1,256.92,170.85,234.28
26689_sd611_sl6_pd174_pl10_sv12_bp12_ba800_bp63,259.96,19.18,54.01,265.71,300.68,348.79
26690_sd882_sl9_pd159_pl11_sv8_bp11_ba550_bp57,172.6,15.96,53.24,226.88,185.62,197.36
26691_sd798_sl11_pd254_pl7_sv9_bp11_ba670_bp66,166.52,15.83,49.99,210.86,183.47,213.48
26692_sd743_sl5_pd257_pl11_sv7_bp14_ba790_bp74,215.5,15.17,52.43,238.77,224.2,190.66
26693_sd787_sl9_pd147_pl12_sv5_bp13_ba560_bp72,132.52,12.43,40.49,164.18,123.45,118.81
26694_sd716_sl10_pd228_pl15_sv11_bp11_ba850_bp56,212.42,18.63,62.05,289.91,227.37,240.59
26695_sd862_sl9_pd142_pl10_sv11_bp11_ba770_bp63,207.05,18.51,60.07,296.8,239.38,339.81
26696_sd849_sl12_pd187_pl12_sv9_bp11_ba720_bp68,180.89,17.64,57.97,266.5,191.42,250.96
26697_sd675_sl6_pd272_pl11_sv9_bp10_ba810_bp51,194.57,16.25,56.8,259.05,192.57,221.1
26698_sd751_sl12_pd232_pl8_sv7_bp12_ba620_bp50,155.77,14.52,51.2,227.95,157.74,202.72
26699_sd637_sl8_pd172_pl10_sv9_bp12_ba790_bp50,199.28,15.94,53.71,240.51,208.1,214.64
26700_sd642_sl10_pd223_pl13_sv9_bp13_ba900_bp35,221.32,17.25,60.73,292.75,238.5,275.69
26701_sd947_sl7_pd156_pl10_sv8_bp11_ba820_bp65,209.51,16.34,59.94,253.56,217.73,230.55
26702_sd752_sl10_pd175_pl10_sv11_bp13_ba800_bp39,195.99,16.98,59.77,290.06,196.94,276.0
26703_sd821_sl9_pd155_pl9_sv10_bp14_ba770_bp68,215.17,15.92,57.88,220.45,220.09,277.71
26704_sd821_sl10_pd210_pl12_sv6_bp12_ba720_bp53,199.65,17.26,57.03,274.86,203.51,243.13
26705_sd675_sl12_pd183_pl7_sv14_bp12_ba730_bp69,221.44,18.52,56.66,263.85,266.27,362.33
26706_sd706_sl12_pd175_pl6_sv9_bp13_ba780_bp70,203.19,16.39,59.48,289.43,201.06,269.48
26707_sd665_sl8_pd164_pl8_sv6_bp13_ba760_bp56,181.7,14.39,50.79,229.37,161.78,186.64
26708_sd662_sl9_pd250_pl11_sv10_bp11_ba510_bp66,127.47,12.74,38.99,160.34,126.53,196.86
26709_sd920_sl8_pd208_pl9_sv8_bp12_ba840_bp53,216.07,16.43,58.91,231.52,202.35,209.13
26710_sd829_sl9_pd241_pl13_sv9_bp13_ba510_bp76,188.84,14.91,41.93,210.89,236.17,193.36
26711_sd685_sl12_pd233_pl8_sv11_bp12_ba780_bp62,187.44,16.7,57.91,263.0,196.29,292.13
26712_sd837_sl10_pd230_pl6_sv8_bp12_ba640_bp59,171.93,15.3,50.86,217.1,172.14,211.2
26713_sd723_sl10_pd234_pl11_sv7_bp12_ba680_bp62,159.02,14.71,51.78,209.37,157.77,167.94
26714_sd931_sl10_pd215_pl9_sv6_bp12_ba730_bp54,170.13,15.65,50.7,212.77,165.2,196.21
26715_sd755_sl9_pd231_pl9_sv6_bp12_ba680_bp67,163.14,14.38,47.8,190.35,152.46,163.53
26716_sd689_sl11_pd287_pl9_sv9_bp14_ba810_bp65,200.57,15.98,58.6,253.12,192.09,246.67
26717_sd666_sl7_pd327_pl13_sv9_bp11_ba780_bp58,226.31,16.31,54.04,243.34,242.56,240.55
26718_sd658_sl10_pd229_pl11_sv7_bp10_ba670_bp75,162.77,14.01,49.52,200.6,157.76,152.51
26719_sd820_sl12_pd248_pl11_sv8_bp13_ba670_bp57,169.19,18.93,64.51,332.15,179.63,300.26
26720_sd877_sl9_pd188_pl12_sv9_bp11_ba690_bp57,255.13,19.04,57.57,292.88,311.17,252.28
26721_sd790_sl8_pd222_pl6_sv10_bp12_ba650_bp74,210.4,16.47,49.86,220.8,241.94,279.26
26722_sd650_sl7_pd41_pl10_sv9_bp12_ba680_bp42,174.91,14.46,49.54,194.11,191.58,244.1
26723_sd760_sl12_pd212_pl7_sv9_bp14_ba740_bp67,200.12,15.69,57.38,227.81,212.28,279.47
26724_sd882_sl10_pd213_pl10_sv9_bp12_ba620_bp71,150.82,15.16,49.25,183.12,149.09,181.4
26725_sd844_sl8_pd253_pl11_sv9_bp12_ba770_bp51,215.8,15.99,56.19,243.17,231.01,244.55
26726_sd772_sl8_pd235_pl10_sv8_bp12_ba670_bp66,176.96,14.5,47.95,193.89,178.69,169.13
26727_sd758_sl8_pd125_pl8_sv7_bp11_ba700_bp52,173.03,14.18,50.63,206.66,159.9,185.88
26728_sd721_sl11_pd209_pl7_sv10_bp13_ba780_bp64,204.93,16.65,54.47,247.95,198.41,252.56
26729_sd671_sl9_pd220_pl11_sv9_bp13_ba730_bp52,208.26,15.96,55.28,245.57,241.56,207.87
26730_sd768_sl9_pd134_pl11_sv9_bp12_ba810_bp62,239.06,17.25,60.35,288.51,267.43,246.21
26731_sd681_sl12_pd108_pl8_sv13_bp11_ba870_bp73,223.15,21.51,61.9,295.59,253.5,369.41
26732_sd665_sl13_pd154_pl8_sv10_bp13_ba670_bp72,161.75,14.63,53.87,203.55,168.0,252.43
26733_sd734_sl5_pd154_pl7_sv6_bp10_ba510_bp72,120.21,12.38,38.59,161.85,114.33,147.28
26734_sd699_sl12_pd248_pl8_sv8_bp12_ba750_bp70,190.16,16.98,60.4,306.1,197.1,247.89
26735_sd720_sl7_pd296_pl8_sv8_bp12_ba780_bp78,197.64,15.71,56.07,250.63,195.66,193.83
26736_sd678_sl9_pd184_pl7_sv11_bp11_ba630_bp86,209.7,16.07,48.01,219.5,237.05,282.04
26737_sd808_sl8_pd256_pl10_sv10_bp12_ba540_bp38,161.97,13.56,48.79,173.97,173.15,211.08
26738_sd714_sl9_pd145_pl9_sv7_bp11_ba640_bp52,155.35,13.84,46.97,199.35,142.31,156.82
26739_sd697_sl11_pd277_pl7_sv10_bp12_ba650_bp56,171.27,15.71,51.71,228.98,166.74,231.39
26740_sd750_sl14_pd220_pl12_sv9_bp12_ba780_bp75,201.68,16.89,54.61,234.67,212.26,190.8
26741_sd734_sl7_pd214_pl9_sv7_bp13_ba720_bp61,186.8,15.03,50.1,218.83,182.78,157.75
26742_sd775_sl8_pd220_pl10_sv7_bp11_ba740_bp68,209.89,15.6,53.27,243.32,230.82,212.71
26743_sd674_sl12_pd181_pl7_sv7_bp12_ba620_bp59,153.01,13.35,45.39,186.28,142.3,150.92
26744_sd782_sl13_pd110_pl5_sv11_bp12_ba670_bp71,182.53,17.51,56.27,243.88,193.98,259.3
26745_sd755_sl10_pd171_pl15_sv10_bp13_ba840_bp53,215.49,17.83,62.34,280.63,203.9,288.28
26746_sd790_sl11_pd239_pl9_sv11_bp12_ba750_bp67,205.46,17.7,64.1,277.77,212.37,318.93
26747_sd784_sl9_pd250_pl12_sv6_bp12_ba780_bp45,214.6,16.22,56.13,268.27,227.15,229.26
26748_sd715_sl10_pd184_pl6_sv7_bp14_ba700_bp56,182.62,14.6,49.91,215.23,181.78,165.84
26749_sd755_sl9_pd111_pl10_sv5_bp12_ba660_bp66,156.55,13.24,48.67,196.97,142.69,150.36
26750_sd860_sl14_pd220_pl12_sv12_bp13_ba600_bp72,178.45,15.61,56.91,225.48,182.7,243.82
26751_sd823_sl9_pd277_pl11_sv7_bp13_ba910_bp63,212.14,16.59,58.45,273.98,191.65,216.02
26752_sd712_sl10_pd231_pl13_sv7_bp12_ba550_bp77,127.98,13.55,40.89,173.67,131.28,141.3
26753_sd715_sl11_pd188_pl7_sv12_bp12_ba790_bp66,230.38,19.03,56.71,276.66,274.9,329.45
26754_sd770_sl8_pd221_pl9_sv8_bp11_ba650_bp51,176.67,13.92,49.11,219.19,161.47,182.89
26755_sd734_sl9_pd184_pl9_sv5_bp12_ba690_bp67,176.69,14.14,50.68,219.32,178.86,170.77
26756_sd645_sl11_pd235_pl8_sv8_bp12_ba820_bp68,240.68,16.86,56.32,277.64,278.73,228.8
26757_sd693_sl9_pd266_pl11_sv11_bp11_ba850_bp60,200.4,16.68,60.16,268.47,194.15,280.67
26758_sd696_sl12_pd195_pl9_sv8_bp12_ba740_bp68,195.86,17.77,58.61,300.58,196.32,262.75
26759_sd735_sl10_pd156_pl13_sv5_bp11_ba630_bp56,149.65,13.51,45.62,185.34,135.41,147.11
26760_sd683_sl7_pd238_pl11_sv6_bp12_ba570_bp54,137.37,12.38,39.82,158.22,131.93,132.5
26761_sd743_sl8_pd217_pl9_sv7_bp11_ba710_bp47,193.46,16.25,53.39,240.7,205.18,196.77
26762_sd743_sl12_pd233_pl10_sv11_bp14_ba540_bp51,134.02,17.17,57.6,252.77,171.51,282.97
26763_sd749_sl11_pd270_pl8_sv10_bp12_ba490_bp61,143.54,13.66,41.82,162.01,139.46,204.3
26764_sd758_sl10_pd251_pl15_sv6_bp12_ba690_bp42,161.77,13.24,45.84,206.72,160.34,158.72
26765_sd756_sl10_pd319_pl12_sv10_bp14_ba830_bp56,219.74,17.19,59.26,261.93,227.87,252.61
26766_sd839_sl9_pd240_pl8_sv7_bp11_ba820_bp57,188.56,16.6,57.28,259.46,194.95,229.11
26767_sd640_sl7_pd236_pl12_sv9_bp9_ba710_bp54,181.85,14.33,51.29,208.79,187.81,223.21
26768_sd734_sl10_pd241_pl9_sv9_bp14_ba640_bp65,159.98,15.86,51.3,203.41,159.83,187.76
26769_sd713_sl13_pd173_pl12_sv6_bp12_ba560_bp67,134.22,13.18,40.94,155.68,122.23,134.38
26770_sd774_sl10_pd227_pl8_sv6_bp10_ba690_bp65,163.88,14.26,48.28,186.68,159.37,140.53
26771_sd607_sl12_pd270_pl9_sv9_bp12_ba710_bp65,220.49,16.6,53.21,254.17,247.65,234.88
26772_sd774_sl11_pd142_pl8_sv10_bp12_ba650_bp48,171.36,15.12,51.31,208.21,173.56,298.76
26773_sd709_sl8_pd183_pl8_sv7_bp12_ba610_bp54,147.3,13.49,46.48,192.33,148.11,152.8
26774_sd771_sl9_pd133_pl10_sv8_bp12_ba870_bp61,221.98,16.96,61.14,272.89,228.6,243.53
26775_sd808_sl10_pd232_pl8_sv7_bp13_ba710_bp57,184.06,15.02,52.84,218.86,157.05,201.91
26776_sd694_sl9_pd218_pl7_sv8_bp10_ba700_bp48,173.13,15.68,53.25,232.93,165.92,202.1
26777_sd744_sl10_pd245_pl7_sv9_bp11_ba840_bp59,207.88,17.05,59.89,268.97,214.07,228.47
26778_sd673_sl12_pd212_pl13_sv9_bp11_ba740_bp81,178.57,15.6,56.02,276.98,172.32,226.48
26779_sd891_sl13_pd229_pl8_sv9_bp11_ba440_bp62,191.53,14.62,47.04,224.04,255.87,279.53
26780_sd750_sl9_pd182_pl15_sv7_bp13_ba750_bp71,179.2,14.93,50.92,225.87,163.79,163.37
26781_sd843_sl11_pd178_pl10_sv7_bp12_ba600_bp62,151.12,14.83,47.57,205.56,157.5,191.86
26782_sd730_sl8_pd290_pl9_sv5_bp11_ba770_bp69,186.77,14.81,52.55,209.05,161.05,149.13
26783_sd782_sl13_pd235_pl7_sv6_bp14_ba730_bp66,168.36,15.18,54.2,211.98,159.14,167.12
26784_sd582_sl12_pd128_pl10_sv7_bp10_ba800_bp47,189.71,15.01,52.74,253.51,185.24,186.87
26785_sd716_sl13_pd110_pl8_sv9_bp11_ba660_bp57,243.6,16.71,54.09,263.06,300.91,267.87
26786_sd796_sl12_pd213_pl14_sv9_bp12_ba790_bp57,196.85,17.25,58.28,286.43,208.24,260.1
26787_sd678_sl11_pd287_pl10_sv6_bp12_ba760_bp59,175.97,15.01,53.98,222.64,166.23,177.89
26788_sd725_sl8_pd281_pl12_sv9_bp11_ba790_bp64,209.51,15.76,56.75,229.5,222.16,276.32
26789_sd818_sl11_pd135_pl14_sv5_bp14_ba760_bp64,174.43,16.02,52.67,228.28,158.37,162.93
26790_sd625_sl13_pd248_pl12_sv9_bp13_ba650_bp62,155.54,14.51,51.69,224.5,166.55,228.82
26791_sd714_sl9_pd216_pl8_sv8_bp13_ba720_bp50,173.5,15.19,50.29,199.42,172.79,204.25
26792_sd754_sl8_pd176_pl8_sv7_bp13_ba590_bp70,147.03,13.53,38.68,160.08,149.72,127.04
26793_sd812_sl7_pd164_pl12_sv5_bp11_ba660_bp49,172.41,14.22,46.77,196.02,162.32,142.88
26794_sd831_sl10_pd195_pl10_sv9_bp11_ba560_bp49,134.09,15.32,45.19,181.51,160.58,201.03
26795_sd751_sl9_pd248_pl12_sv9_bp10_ba600_bp53,210.48,16.44,48.64,238.5,250.08,206.2
26796_sd840_sl11_pd157_pl10_sv10_bp11_ba640_bp64,158.54,17.22,52.23,203.38,158.4,228.83
26797_sd682_sl10_pd263_pl11_sv12_bp12_ba770_bp68,195.9,17.47,60.43,302.06,220.72,344.65
26798_sd692_sl10_pd204_pl9_sv6_bp13_ba710_bp92,167.53,14.31,48.12,191.51,161.84,142.05
26799_sd771_sl8_pd184_pl9_sv6_bp12_ba590_bp44,148.62,14.89,51.71,236.81,142.76,194.59
26800_sd860_sl11_pd220_pl6_sv6_bp11_ba680_bp48,165.34,14.86,55.42,232.68,168.57,195.99
26801_sd628_sl10_pd154_pl11_sv7_bp12_ba680_bp69,164.38,13.68,49.88,200.33,160.05,151.92
26802_sd755_sl11_pd210_pl10_sv6_bp12_ba720_bp80,187.09,15.41,54.35,237.18,187.85,197.66
26803_sd652_sl11_pd225_pl11_sv14_bp14_ba760_bp57,216.84,17.31,57.1,276.0,259.97,397.12
26804_sd814_sl14_pd194_pl14_sv8_bp12_ba640_bp54,235.09,20.06,57.4,297.49,290.55,274.98
26805_sd684_sl10_pd150_pl12_sv7_bp11_ba760_bp51,193.48,15.3,54.48,236.49,190.63,186.3
26806_sd687_sl8_pd212_pl11_sv10_bp12_ba660_bp44,182.62,14.54,53.93,217.81,182.28,259.29
26807_sd818_sl13_pd201_pl6_sv7_bp12_ba800_bp52,216.61,17.03,58.63,248.88,222.33,198.81
26808_sd600_sl8_pd192_pl9_sv7_bp10_ba730_bp61,173.35,15.5,53.23,231.23,157.16,184.19
26809_sd673_sl11_pd159_pl12_sv4_bp12_ba550_bp54,135.15,12.04,37.28,159.96,128.09,121.45
26810_sd765_sl7_pd221_pl10_sv10_bp11_ba640_bp81,188.82,15.56,49.12,203.17,202.8,223.63
26811_sd720_sl10_pd265_pl9_sv6_bp12_ba780_bp67,185.08,15.01,52.66,222.0,175.83,168.06
26812_sd742_sl7_pd219_pl10_sv12_bp13_ba740_bp52,253.95,19.58,55.71,273.84,311.18,385.74
26813_sd864_sl11_pd185_pl8_sv11_bp12_ba620_bp54,168.47,17.42,55.32,220.47,192.42,290.64
26814_sd741_sl11_pd159_pl7_sv8_bp13_ba720_bp60,227.39,16.7,56.89,257.86,261.52,230.17
26815_sd556_sl11_pd195_pl9_sv7_bp12_ba670_bp61,162.87,13.69,48.09,203.67,156.99,141.06
26816_sd643_sl11_pd125_pl8_sv8_bp13_ba900_bp70,253.91,17.69,60.19,310.21,270.91,245.63
26817_sd782_sl7_pd264_pl11_sv9_bp12_ba710_bp48,190.2,14.8,50.61,212.81,197.55,198.18
26818_sd640_sl12_pd163_pl9_sv7_bp11_ba610_bp48,155.22,13.13,44.54,183.06,147.0,158.21
26819_sd759_sl4_pd140_pl11_sv10_bp12_ba710_bp64,224.79,18.25,49.52,257.94,250.07,262.07
26820_sd742_sl9_pd201_pl12_sv9_bp12_ba570_bp63,195.38,15.51,48.12,230.3,242.47,182.3
26821_sd801_sl12_pd184_pl11_sv7_bp12_ba630_bp59,156.34,14.95,48.25,202.0,175.83,165.92
26822_sd848_sl9_pd150_pl12_sv6_bp13_ba810_bp62,198.62,15.79,57.21,260.47,195.11,214.45
26823_sd725_sl11_pd192_pl7_sv8_bp14_ba760_bp65,194.7,15.44,56.01,220.49,191.75,203.35
26824_sd752_sl9_pd210_pl11_sv6_bp13_ba470_bp71,115.85,11.68,35.48,144.14,111.92,135.17
26825_sd725_sl8_pd293_pl10_sv9_bp12_ba720_bp64,184.22,15.25,53.4,201.21,172.63,210.03
26826_sd843_sl11_pd147_pl11_sv9_bp13_ba620_bp73,154.85,16.92,55.68,257.33,153.27,230.54
26827_sd812_sl10_pd162_pl11_sv8_bp13_ba690_bp67,170.05,17.03,61.12,295.37,172.16,285.43
26828_sd901_sl8_pd267_pl10_sv8_bp13_ba680_bp77,210.12,16.31,52.2,237.67,238.7,217.46
26829_sd746_sl7_pd211_pl13_sv7_bp13_ba570_bp69,141.62,12.75,41.78,168.3,138.68,143.18
26830_sd759_sl9_pd177_pl13_sv6_bp13_ba590_bp58,143.26,13.36,44.07,176.91,143.15,145.54
26831_sd806_sl12_pd268_pl14_sv9_bp13_ba830_bp50,197.69,17.19,61.3,292.51,204.73,303.11
26832_sd706_sl9_pd219_pl13_sv7_bp13_ba730_bp49,177.97,14.76,52.07,222.62,174.11,171.0
26833_sd651_sl11_pd212_pl12_sv11_bp14_ba750_bp54,183.58,16.67,56.95,261.74,194.7,261.91
26834_sd749_sl9_pd206_pl13_sv10_bp12_ba590_bp54,205.05,15.3,44.36,212.78,246.57,218.21
26835_sd706_sl9_pd194_pl8_sv5_bp13_ba590_bp67,146.62,12.91,41.66,169.32,135.86,126.15
26836_sd797_sl11_pd222_pl10_sv10_bp13_ba680_bp59,169.86,17.24,51.84,203.98,175.68,215.83
26837_sd655_sl12_pd217_pl10_sv10_bp13_ba510_bp65,138.1,13.71,40.62,169.79,145.29,194.57
26838_sd835_sl12_pd163_pl9_sv8_bp11_ba610_bp53,171.61,16.99,56.58,266.28,186.75,254.17
26839_sd879_sl14_pd232_pl8_sv6_bp12_ba690_bp58,165.52,14.66,49.14,220.39,153.9,183.22
26840_sd827_sl6_pd205_pl12_sv6_bp13_ba630_bp56,151.11,13.14,43.96,182.39,144.15,145.57
26841_sd528_sl5_pd258_pl10_sv11_bp11_ba780_bp49,211.9,16.52,53.14,239.22,216.15,281.07
26842_sd745_sl8_pd168_pl10_sv10_bp12_ba820_bp61,221.7,16.58,57.1,260.63,219.46,274.56
26843_sd605_sl8_pd242_pl11_sv8_bp12_ba630_bp64,165.53,13.35,42.99,188.62,171.37,169.98
26844_sd759_sl6_pd225_pl8_sv6_bp14_ba690_bp46,171.2,13.98,47.04,197.31,168.96,149.96
26845_sd727_sl13_pd160_pl13_sv7_bp12_ba630_bp59,164.17,14.26,45.65,182.4,155.83,164.29
26846_sd714_sl9_pd298_pl9_sv9_bp12_ba710_bp42,174.97,15.79,49.8,210.17,185.92,210.92
26847_sd774_sl11_pd303_pl13_sv6_bp11_ba860_bp85,194.55,16.23,56.03,262.62,181.54,217.7
26848_sd793_sl6_pd280_pl11_sv10_bp12_ba800_bp52,226.53,17.77,57.7,267.91,216.65,289.54
26849_sd595_sl9_pd139_pl10_sv8_bp12_ba740_bp51,178.21,14.78,51.58,245.18,169.45,205.96
26850_sd622_sl8_pd162_pl9_sv9_bp13_ba890_bp62,225.71,17.57,58.06,287.5,206.88,248.85
26851_sd803_sl12_pd249_pl7_sv7_bp13_ba580_bp73,172.27,15.38,50.9,239.58,183.11,220.02
26852_sd657_sl5_pd163_pl7_sv6_bp11_ba680_bp50,161.37,13.76,48.0,198.42,155.35,158.73
26853_sd846_sl15_pd145_pl8_sv9_bp12_ba900_bp63,265.65,19.89,62.19,341.05,298.92,368.78
26854_sd774_sl10_pd109_pl11_sv7_bp13_ba560_bp42,137.25,14.45,47.49,195.58,149.14,174.36
26855_sd633_sl7_pd221_pl6_sv7_bp14_ba780_bp65,189.43,14.88,54.88,223.65,181.71,181.16
26856_sd868_sl4_pd161_pl11_sv9_bp11_ba800_bp64,232.05,22.22,70.4,416.78,217.85,362.62
26857_sd762_sl10_pd197_pl8_sv6_bp10_ba780_bp62,184.98,15.11,54.38,226.38,171.48,180.41
26858_sd842_sl9_pd255_pl11_sv10_bp14_ba710_bp60,192.64,16.88,54.97,222.48,209.0,252.25
26859_sd760_sl9_pd172_pl5_sv7_bp10_ba720_bp61,174.36,15.82,58.56,241.49,166.41,183.75
26860_sd865_sl11_pd247_pl6_sv5_bp12_ba820_bp57,187.54,16.2,59.01,260.12,168.99,229.78
26861_sd838_sl8_pd94_pl8_sv7_bp11_ba710_bp62,183.01,15.97,54.87,249.05,173.83,204.21
26862_sd819_sl9_pd149_pl9_sv9_bp12_ba770_bp65,191.87,16.36,54.71,219.66,188.33,228.04
26863_sd793_sl11_pd270_pl9_sv9_bp12_ba900_bp66,227.19,18.42,62.95,271.53,215.12,263.49
26864_sd836_sl10_pd177_pl9_sv8_bp13_ba670_bp50,188.07,15.66,50.71,201.48,194.22,214.24
26865_sd614_sl9_pd177_pl9_sv9_bp14_ba690_bp59,167.49,14.62,50.58,205.01,158.07,191.32
26866_sd768_sl10_pd220_pl11_sv6_bp12_ba760_bp53,201.16,15.34,52.83,224.76,206.28,176.59
26867_sd806_sl11_pd187_pl10_sv8_bp13_ba600_bp73,163.64,19.11,61.32,308.64,171.21,289.09
26868_sd729_sl6_pd232_pl9_sv7_bp12_ba730_bp59,182.33,14.88,52.68,227.42,196.9,153.27
26869_sd910_sl11_pd216_pl8_sv9_bp12_ba820_bp50,208.56,18.87,62.58,252.28,229.92,287.72
26870_sd661_sl8_pd116_pl9_sv7_bp9_ba720_bp43,169.32,14.38,51.3,223.76,184.53,167.14
26871_sd589_sl13_pd297_pl9_sv9_bp13_ba640_bp54,186.18,15.18,47.67,221.21,206.98,192.5
26872_sd742_sl11_pd157_pl9_sv10_bp12_ba700_bp71,178.45,16.73,53.11,216.16,184.1,243.43
26873_sd788_sl7_pd169_pl15_sv5_bp13_ba550_bp73,136.64,12.32,40.01,169.78,127.14,136.07
26874_sd726_sl15_pd171_pl11_sv12_bp12_ba580_bp54,171.68,15.7,50.38,210.11,211.75,310.67
26875_sd808_sl10_pd140_pl12_sv2_bp13_ba670_bp58,152.84,13.92,47.84,193.91,138.09,146.65
26876_sd719_sl9_pd237_pl9_sv6_bp15_ba630_bp62,166.33,13.61,46.26,192.99,167.89,145.59
26877_sd778_sl11_pd263_pl8_sv8_bp13_ba720_bp75,208.52,16.05,52.47,251.86,238.42,224.43
26878_sd686_sl12_pd314_pl14_sv10_bp12_ba640_bp65,160.62,15.66,56.27,250.03,167.75,241.61
26879_sd730_sl9_pd159_pl14_sv9_bp13_ba690_bp76,177.6,15.43,55.84,256.18,191.4,219.6
26880_sd774_sl11_pd172_pl8_sv10_bp10_ba740_bp63,196.73,15.17,54.34,224.57,195.39,263.21
26881_sd801_sl12_pd230_pl10_sv10_bp12_ba740_bp56,189.19,18.56,57.71,239.76,211.59,247.61
26882_sd721_sl12_pd261_pl7_sv6_bp12_ba620_bp58,145.1,13.24,44.87,181.95,128.45,155.7
26883_sd733_sl10_pd126_pl12_sv8_bp12_ba580_bp75,157.68,17.24,59.12,313.84,163.57,294.68
26884_sd767_sl12_pd289_pl12_sv8_bp13_ba760_bp54,188.78,18.63,66.77,324.79,179.59,315.17
26885_sd752_sl12_pd217_pl8_sv5_bp14_ba700_bp54,170.39,14.36,52.41,212.16,161.94,168.03
26886_sd745_sl11_pd252_pl8_sv6_bp11_ba660_bp77,157.35,13.76,49.95,201.22,141.94,152.32
26887_sd658_sl12_pd184_pl8_sv9_bp13_ba790_bp60,205.8,16.59,58.17,249.39,229.15,257.07
26888_sd802_sl13_pd174_pl13_sv8_bp13_ba770_bp52,195.91,16.7,55.05,248.51,204.46,206.86
26889_sd808_sl7_pd186_pl9_sv7_bp11_ba720_bp68,189.92,14.88,52.45,234.04,204.18,214.19
26890_sd725_sl7_pd147_pl11_sv7_bp11_ba1020_bp52,251.68,20.94,62.03,333.68,259.66,286.1
26891_sd729_sl9_pd244_pl6_sv10_bp11_ba610_bp69,200.58,15.63,50.8,238.41,227.05,275.64
26892_sd599_sl9_pd171_pl8_sv8_bp11_ba520_bp42,131.12,12.58,39.25,165.44,124.41,149.4
26893_sd749_sl10_pd252_pl12_sv5_bp11_ba550_bp55,137.76,12.39,42.52,172.27,134.47,145.44
26894_sd611_sl11_pd266_pl5_sv7_bp11_ba770_bp53,202.51,15.29,52.8,245.99,199.76,203.53
26895_sd798_sl9_pd150_pl11_sv8_bp10_ba820_bp59,226.02,18.43,62.75,298.79,254.99,254.78
26896_sd773_sl12_pd131_pl9_sv4_bp11_ba820_bp50,190.19,15.74,54.86,242.35,171.63,165.94
26897_sd793_sl10_pd136_pl12_sv5_bp11_ba750_bp57,177.35,15.37,54.75,232.77,170.15,179.77
26898_sd733_sl11_pd90_pl11_sv8_bp11_ba740_bp71,172.62,16.08,58.47,266.5,174.66,236.47
26899_sd694_sl12_pd297_pl11_sv4_bp11_ba670_bp57,160.0,14.58,47.64,191.89,151.74,137.89
26900_sd836_sl16_pd204_pl12_sv8_bp13_ba660_bp53,190.42,17.77,51.24,244.34,225.04,195.75
26901_sd876_sl12_pd171_pl13_sv6_bp12_ba660_bp60,154.76,13.78,42.54,197.02,153.63,154.13
26902_sd826_sl8_pd179_pl10_sv6_bp12_ba860_bp63,201.18,16.4,55.88,265.26,183.96,213.32
26903_sd819_sl11_pd236_pl8_sv6_bp12_ba540_bp59,126.74,12.55,37.47,151.89,122.29,143.49
26904_sd899_sl11_pd211_pl8_sv5_bp11_ba900_bp72,214.67,16.68,59.84,261.36,199.15,173.26
26905_sd732_sl10_pd138_pl10_sv5_bp13_ba710_bp73,167.91,13.96,45.85,193.61,151.84,146.61
26906_sd808_sl11_pd171_pl9_sv9_bp12_ba600_bp59,167.85,14.92,46.64,205.36,193.66,215.16
26907_sd717_sl15_pd215_pl15_sv6_bp12_ba670_bp52,159.83,15.26,47.51,203.68,152.97,147.5
26908_sd749_sl9_pd188_pl9_sv7_bp12_ba800_bp45,184.77,15.82,55.82,254.72,186.0,200.63
26909_sd688_sl13_pd240_pl10_sv7_bp12_ba680_bp46,167.4,14.54,47.47,198.18,160.2,178.8
26910_sd668_sl10_pd96_pl9_sv12_bp11_ba700_bp57,193.0,15.24,53.05,252.44,227.76,320.6
26911_sd760_sl10_pd158_pl8_sv9_bp12_ba620_bp56,156.62,14.53,45.64,180.35,167.73,234.27
26912_sd893_sl9_pd195_pl13_sv8_bp10_ba790_bp68,187.2,17.32,59.47,296.86,183.47,256.9
26913_sd741_sl8_pd289_pl11_sv10_bp13_ba680_bp66,172.56,15.66,53.29,207.17,181.65,214.34
26914_sd823_sl7_pd152_pl7_sv9_bp11_ba540_bp65,159.97,13.47,42.1,174.34,189.39,207.84
26915_sd710_sl6_pd240_pl7_sv10_bp13_ba630_bp68,214.79,16.54,49.52,233.61,256.84,181.59
26916_sd906_sl14_pd202_pl12_sv5_bp9_ba530_bp47,136.49,14.35,41.06,173.37,134.01,135.9
26917_sd629_sl13_pd257_pl14_sv7_bp11_ba800_bp60,194.74,16.37,54.4,242.41,190.39,204.24
26918_sd810_sl9_pd183_pl11_sv7_bp13_ba680_bp51,167.92,16.65,58.05,282.92,178.16,269.33
26919_sd781_sl9_pd152_pl11_sv12_bp10_ba710_bp71,196.27,19.64,57.22,252.77,233.37,438.48
26920_sd838_sl8_pd147_pl11_sv9_bp11_ba730_bp52,204.21,14.94,49.17,211.89,226.97,245.93
26921_sd679_sl7_pd176_pl10_sv11_bp13_ba670_bp71,214.26,15.9,49.19,216.0,248.0,259.56
26922_sd765_sl10_pd301_pl9_sv9_bp13_ba760_bp61,176.4,16.42,57.86,232.82,184.32,253.89
26923_sd636_sl8_pd194_pl7_sv11_bp13_ba710_bp70,268.47,18.53,53.32,258.91,333.89,284.37
26924_sd752_sl14_pd245_pl13_sv7_bp12_ba740_bp70,193.6,16.03,53.27,235.9,192.65,187.95
26925_sd795_sl13_pd252_pl10_sv7_bp13_ba620_bp53,153.36,14.56,45.98,196.69,163.26,163.67
26926_sd766_sl12_pd214_pl8_sv5_bp15_ba710_bp54,167.16,14.56,52.36,208.57,150.52,170.29
26927_sd782_sl11_pd147_pl13_sv6_bp12_ba870_bp69,205.37,16.24,55.67,271.75,194.59,212.1
26928_sd718_sl8_pd231_pl7_sv8_bp12_ba640_bp59,170.52,14.43,43.61,194.96,162.35,160.95
26929_sd711_sl9_pd235_pl11_sv9_bp11_ba720_bp73,200.07,15.02,50.55,242.02,202.28,213.67
26930_sd875_sl10_pd185_pl9_sv4_bp12_ba920_bp68,209.21,16.52,58.58,286.85,185.02,205.47
26931_sd881_sl10_pd206_pl9_sv6_bp11_ba730_bp59,180.28,14.97,55.66,226.33,165.56,179.75
26932_sd713_sl12_pd192_pl11_sv7_bp13_ba850_bp51,204.48,16.71,56.73,249.14,193.39,195.64
26933_sd872_sl6_pd187_pl8_sv10_bp11_ba820_bp76,250.72,19.91,55.5,282.39,288.26,331.67
26934_sd848_sl13_pd246_pl10_sv10_bp12_ba620_bp53,165.46,16.13,50.97,200.63,181.35,231.0
26935_sd823_sl11_pd183_pl12_sv3_bp13_ba710_bp41,164.75,14.72,50.6,203.32,142.34,165.13
26936_sd712_sl10_pd256_pl9_sv8_bp12_ba750_bp67,191.75,15.18,53.52,223.72,210.02,218.4
26937_sd637_sl11_pd197_pl9_sv7_bp12_ba600_bp41,149.35,13.16,42.01,183.93,148.37,167.18
26938_sd799_sl11_pd277_pl11_sv9_bp13_ba710_bp56,170.53,16.73,56.56,253.28,168.02,222.63
26939_sd716_sl7_pd207_pl12_sv6_bp12_ba760_bp49,176.59,14.31,52.41,226.8,162.97,179.47
26940_sd635_sl7_pd117_pl9_sv7_bp10_ba830_bp59,202.41,15.71,52.46,238.43,205.36,200.28
26941_sd720_sl11_pd254_pl10_sv8_bp11_ba630_bp52,153.67,14.3,49.36,216.63,137.22,187.25
26942_sd781_sl9_pd115_pl8_sv7_bp11_ba640_bp50,168.89,14.69,48.76,203.03,161.7,175.72
26943_sd682_sl12_pd188_pl14_sv7_bp11_ba770_bp60,217.57,17.09,54.54,266.92,226.05,200.87
26944_sd616_sl11_pd147_pl13_sv7_bp12_ba640_bp36,172.98,14.45,48.44,222.72,180.34,169.85
26945_sd685_sl13_pd199_pl12_sv5_bp12_ba740_bp42,174.24,14.85,51.55,220.84,160.89,174.71
26946_sd704_sl7_pd212_pl9_sv8_bp13_ba750_bp64,190.55,15.48,52.2,227.55,184.98,183.12
26947_sd937_sl9_pd145_pl12_sv6_bp11_ba860_bp68,212.23,17.33,57.79,287.86,203.65,235.89
26948_sd815_sl11_pd173_pl12_sv8_bp11_ba710_bp59,171.47,16.14,56.35,269.85,179.18,237.25
26949_sd864_sl12_pd230_pl4_sv14_bp13_ba830_bp55,426.14,25.93,79.35,470.02,588.1,654.83
26950_sd848_sl6_pd205_pl9_sv6_bp12_ba650_bp48,160.12,14.96,54.42,229.49,147.47,191.47
26951_sd584_sl11_pd159_pl8_sv9_bp14_ba790_bp42,193.89,16.71,59.44,263.67,222.62,247.64
26952_sd829_sl11_pd159_pl10_sv8_bp12_ba650_bp52,172.06,20.05,64.46,339.73,178.23,313.52
26953_sd734_sl11_pd230_pl6_sv7_bp12_ba810_bp64,202.86,16.16,56.79,234.07,186.23,194.13
26954_sd809_sl9_pd181_pl6_sv6_bp10_ba830_bp52,202.49,15.87,56.42,263.34,199.62,208.71
26955_sd679_sl12_pd299_pl7_sv10_bp13_ba700_bp52,173.46,15.47,56.09,219.94,171.75,245.11
26956_sd691_sl7_pd196_pl12_sv8_bp11_ba720_bp63,187.99,14.69,49.49,212.83,192.84,169.67
26957_sd783_sl12_pd189_pl12_sv8_bp11_ba520_bp72,133.76,13.26,44.75,199.23,144.76,173.53
26958_sd828_sl7_pd214_pl9_sv8_bp13_ba630_bp63,171.77,14.63,47.2,200.15,187.45,182.54
26959_sd657_sl10_pd224_pl11_sv9_bp11_ba750_bp43,182.46,15.58,53.33,240.36,179.11,202.27
26960_sd853_sl7_pd164_pl6_sv10_bp12_ba730_bp54,295.77,22.08,62.62,333.38,391.47,293.98
26961_sd803_sl7_pd162_pl7_sv5_bp12_ba650_bp51,153.59,13.41,47.34,195.5,146.54,142.25
26962_sd822_sl12_pd148_pl8_sv7_bp14_ba820_bp60,206.22,16.55,59.4,275.52,200.59,252.82
26963_sd815_sl9_pd204_pl13_sv6_bp11_ba640_bp61,169.7,15.72,53.81,238.22,174.17,208.56
26964_sd600_sl8_pd218_pl8_sv9_bp13_ba870_bp61,224.07,16.94,59.16,298.26,203.04,242.49
26965_sd823_sl10_pd238_pl11_sv8_bp13_ba870_bp48,210.43,18.1,64.21,308.6,210.21,247.2
26966_sd670_sl13_pd116_pl9_sv8_bp13_ba710_bp50,196.59,16.41,54.7,264.39,201.74,225.55
26967_sd805_sl10_pd239_pl12_sv7_bp13_ba480_bp61,125.47,12.94,38.55,172.58,132.19,146.53
26968_sd775_sl15_pd282_pl11_sv10_bp11_ba810_bp50,210.02,16.23,56.34,243.98,216.06,272.36
26969_sd689_sl7_pd112_pl12_sv9_bp12_ba610_bp49,181.77,14.51,47.2,199.55,210.16,221.5
26970_sd809_sl9_pd253_pl10_sv4_bp13_ba650_bp60,155.18,13.86,49.47,202.5,144.25,160.76
26971_sd727_sl9_pd175_pl11_sv4_bp11_ba820_bp78,185.25,15.06,53.2,229.65,161.33,160.81
26972_sd748_sl12_pd155_pl13_sv8_bp13_ba550_bp73,136.43,14.74,52.46,227.83,148.11,212.91
26973_sd758_sl9_pd219_pl11_sv6_bp9_ba600_bp64,160.17,14.3,46.57,204.58,164.2,159.17
26974_sd752_sl12_pd197_pl10_sv7_bp13_ba630_bp68,155.89,14.27,52.14,214.49,156.45,184.31
26975_sd720_sl9_pd92_pl10_sv6_bp11_ba790_bp44,185.58,14.42,52.55,231.56,176.53,211.84
26976_sd731_sl9_pd199_pl10_sv8_bp12_ba580_bp58,148.9,14.3,49.16,212.11,151.53,185.71
26977_sd783_sl10_pd82_pl12_sv11_bp15_ba980_bp64,237.17,19.49,66.28,336.68,238.53,331.14
26978_sd766_sl7_pd228_pl11_sv11_bp13_ba700_bp49,199.85,17.96,56.05,229.85,232.62,247.88
26979_sd751_sl9_pd201_pl8_sv8_bp12_ba980_bp67,231.09,19.17,63.65,301.45,210.24,262.02
26980_sd806_sl11_pd162_pl14_sv6_bp12_ba680_bp60,163.05,15.12,48.22,196.39,142.74,165.87
26981_sd706_sl6_pd194_pl10_sv10_bp14_ba690_bp70,186.7,17.56,52.27,234.26,203.61,212.92
26982_sd779_sl9_pd221_pl9_sv8_bp11_ba750_bp62,191.24,15.21,53.15,245.63,175.51,216.49
26983_sd923_sl10_pd243_pl12_sv8_bp12_ba670_bp56,175.19,19.41,60.78,290.01,184.24,258.29
26984_sd700_sl11_pd230_pl8_sv6_bp11_ba720_bp60,173.37,14.64,52.82,219.34,163.34,168.9
26985_sd787_sl13_pd226_pl9_sv13_bp12_ba820_bp63,197.88,23.04,61.82,298.78,252.92,325.55
26986_sd803_sl10_pd231_pl5_sv9_bp10_ba690_bp52,183.19,17.44,51.44,244.67,184.24,196.76
26987_sd811_sl9_pd250_pl12_sv7_bp12_ba520_bp38,129.17,13.06,41.79,173.42,127.43,151.48
26988_sd685_sl13_pd198_pl11_sv6_bp12_ba790_bp50,182.45,15.7,52.98,235.58,168.4,190.89
26989_sd735_sl9_pd66_pl7_sv7_bp13_ba500_bp78,139.86,12.95,41.16,161.11,123.84,158.3
26990_sd849_sl8_pd186_pl10_sv5_bp12_ba640_bp71,152.7,13.38,48.86,198.54,137.76,162.28
26991_sd758_sl15_pd195_pl11_sv9_bp10_ba660_bp48,170.55,15.63,57.28,251.52,179.71,206.89
26992_sd808_sl11_pd243_pl10_sv11_bp12_ba560_bp67,147.61,15.14,46.52,177.3,145.72,201.32
26993_sd839_sl6_pd141_pl14_sv9_bp12_ba530_bp62,202.81,15.05,43.22,214.19,257.21,254.34
26994_sd685_sl13_pd211_pl13_sv8_bp11_ba740_bp51,211.82,16.82,52.32,257.1,227.14,182.99
26995_sd789_sl11_pd198_pl11_sv7_bp13_ba610_bp59,155.44,13.96,48.57,200.84,161.56,175.58
26996_sd620_sl9_pd221_pl14_sv5_bp11_ba890_bp57,203.42,15.95,56.1,270.62,182.05,196.24
26997_sd740_sl11_pd219_pl8_sv8_bp12_ba770_bp59,227.0,16.74,56.24,252.84,262.31,230.96
26998_sd685_sl11_pd181_pl10_sv5_bp10_ba680_bp58,160.72,13.5,49.73,199.57,145.19,163.6
26999_sd879_sl14_pd236_pl9_sv9_bp11_ba850_bp71,242.28,19.88,65.34,321.35,257.59,376.69
27000_sd701_sl9_pd150_pl11_sv4_bp13_ba850_bp65,191.82,15.11,53.89,251.86,172.5,177.75
